,Fecha,Consecutivo,Tipo,Vendedor,Contacto,Producto,SKU,Cant.,Precio unitario,Costo,Descuento,Total
,2026-09-30 11:41:28,449,Venta,Santiago Loyola Loyola Chiozzi,Maria Lopez,Sandwich de Miga de Jamón y Queso,MIG-01,6,1800,1450,0,10800
,2026-09-30 11:41:28,449,Venta,Santiago Loyola Loyola Chiozzi,Maria Lopez,Sandwich de Pebete de Salame y Queso,PBT-01,3,1700,1165,0,5100
,2026-09-30 11:41:28,449,Venta,Santiago Loyola Loyola Chiozzi,Maria Lopez,Sandwich de pebete de Jamón y Queso,PBT-02,3,1700,870,0,5100
,2026-09-30 07:15:01,452,Venta,Lautaro Moreno, - ,Docena de Miga de J&Q,,1,16000,9300,0,16000
,2026-09-30 07:15:01,452,Venta,Lautaro Moreno, - ,envio,,1,2000,0,0,2000
,2026-09-29 13:35:20,445,Venta,Lautaro Moreno,Consumidor Final,Sandwich de Miga de Jamón y Queso,MIG-01,1,2000,1450,300,1700
,2026-09-29 13:35:20,445,Venta,Lautaro Moreno,Consumidor Final,"Sandwich de Pebete de Ternera, Tomate y queso",PBT-03,2,3000,1980,900,5100
,2026-09-29 13:35:20,445,Venta,Lautaro Moreno,Consumidor Final,Sandwich de pebete de Jamón y Queso,PBT-02,1,2000,870,300,1700
,2026-09-29 13:35:20,445,Venta,Lautaro Moreno,Consumidor Final,Sandwich de Pebete de Salame y Queso,PBT-01,1,2000,1165,300,1700
,2026-09-29 10:54:16,440,Venta,Lautaro Moreno,Consumidor Final,envio,,1,2000,0,0,2000
,2026-09-29 10:54:16,440,Venta,Lautaro Moreno,Consumidor Final,envio,,1,2000,0,0,2000
,2026-09-29 10:54:16,440,Venta,Lautaro Moreno,Consumidor Final,Docena de Miga de T&Q,,1,18000,13000,0,18000
,2026-09-29 10:54:16,440,Venta,Lautaro Moreno,Consumidor Final,Docena de Miga de J&Q,,1,16000,9300,0,16000
,2026-09-29 10:33:29,437,Venta,Santiago Loyola Loyola Chiozzi,El tigre,Sandwich de Miga de Jamón y Queso,MIG-01,2,1800,1450,0,3600
,2026-09-29 10:33:29,437,Venta,Santiago Loyola Loyola Chiozzi,El tigre,Sandwich de pebete de Jamón y Queso,PBT-02,3,1700,870,0,5100
,2026-09-29 10:33:29,437,Venta,Santiago Loyola Loyola Chiozzi,El tigre,Sandwich de Pebete de Salame y Queso,PBT-01,3,1700,1165,0,5100
,2026-09-29 10:33:29,437,Venta,Santiago Loyola Loyola Chiozzi,El tigre,Sandwich de Miga de Ternera y Queso,MIG-03,2,2500,2040,0,5000
,2026-09-29 10:27:10,435,Venta,Santiago Loyola Loyola Chiozzi,Super Ana,Super Miga Salame,,2,2500,967.78,0,5000
,2026-09-29 10:27:10,435,Venta,Santiago Loyola Loyola Chiozzi,Super Ana,Sandwich de Pebete de Salame y Queso,PBT-01,3,2000,1165,0,6000
,2026-09-29 10:27:10,435,Venta,Santiago Loyola Loyola Chiozzi,Super Ana,Sandwich de pebete de Jamón y Queso,PBT-02,4,2000,870,0,8000
,2026-09-29 10:27:10,435,Venta,Santiago Loyola Loyola Chiozzi,Super Ana,Milanesa,,4,4000,2990.913,0,16000
,2026-09-29 10:27:10,435,Venta,Santiago Loyola Loyola Chiozzi,Super Ana,Super Miga JyQ,,8,2500,985.7,0,20000
,2026-09-29 10:27:10,435,Venta,Santiago Loyola Loyola Chiozzi,Super Ana,Sandwich de Miga de Ternera y Queso,MIG-03,2,2500,2040,0,5000
,2026-09-29 09:26:51,434,Venta,Lautaro Moreno,Consumidor Final,Sandwich de Miga de Jamón y Queso,MIG-01,1,2000,1450,100,1900
,2026-09-29 09:26:51,434,Venta,Lautaro Moreno,Consumidor Final,Sandwich de Pebete de Salame y Queso,PBT-01,1,2000,1165,100,1900
,2026-09-28 09:21:17,425,Venta,Santiago Loyola Loyola Chiozzi,oasis,Sandwich de Miga de Ternera y Queso,MIG-03,12,2500,2040,5142.86,24857.14
,2026-09-28 09:21:17,425,Venta,Santiago Loyola Loyola Chiozzi,oasis,Sandwich de Miga de Salame y Queso,MIG-02,3,2000,1650,1028.57,4971.43
,2026-09-28 09:21:17,425,Venta,Santiago Loyola Loyola Chiozzi,oasis,Sandwich de Miga de Jamón y Queso,MIG-01,3,2000,1450,1028.57,4971.43
,2026-09-28 09:16:28,423,Venta,Santiago Loyola Loyola Chiozzi,Super Ana,Super Miga Salame,,4,2500,967.78,0,10000
,2026-09-28 09:16:28,423,Venta,Santiago Loyola Loyola Chiozzi,Super Ana,Sandwich de pebete de Jamón y Queso,PBT-02,3,2000,870,0,6000
,2026-09-28 09:16:28,423,Venta,Santiago Loyola Loyola Chiozzi,Super Ana,Milanesa,,4,4000,2990.913,0,16000
,2026-09-28 09:16:28,423,Venta,Santiago Loyola Loyola Chiozzi,Super Ana,Super Miga JyQ,,8,2500,985.7,0,20000
,2026-09-28 09:16:28,423,Venta,Santiago Loyola Loyola Chiozzi,Super Ana,Sandwich de Pebete de Salame y Queso,PBT-01,3,2000,1165,0,6000
,2026-09-28 07:35:36,422,Venta,Lautaro Moreno, - ,Sandwich de Miga de Ternera y Queso,MIG-03,1,2500,2040,0,2500
,2026-09-28 07:35:36,422,Venta,Lautaro Moreno, - ,Sandwich de Miga de Ternera y Queso,MIG-03,1,2500,2040,0,2500
,2026-09-26 08:40:35,416,Venta,Santiago Loyola Loyola Chiozzi,El tigre,Sandwich de pebete de Jamón y Queso,PBT-02,2,1700,870,0,3400
,2026-09-26 08:40:35,416,Venta,Santiago Loyola Loyola Chiozzi,El tigre,Sandwich de Miga de Salame y Queso,MIG-02,3,1800,1650,0,5400
,2026-09-26 08:40:35,416,Venta,Santiago Loyola Loyola Chiozzi,El tigre,Sandwich de Miga de Ternera y Queso,MIG-03,2,2500,2040,0,5000
,2026-09-26 08:40:35,416,Venta,Santiago Loyola Loyola Chiozzi,El tigre,Sandwich de Miga de Jamón y Queso,MIG-01,3,1800,1450,0,5400
,2026-09-26 08:38:15,414,Venta,Santiago Loyola Loyola Chiozzi,Super Ana,Milanesa,,4,4000,2990.913,0,16000
,2026-09-26 08:38:15,414,Venta,Santiago Loyola Loyola Chiozzi,Super Ana,Super Pebete Salame,,2,2000,1102.58,0,4000
,2026-09-25 14:15:06,413,Venta,Lautaro Moreno, - ,envio,,1,2000,0,0,2000
,2026-09-25 14:02:42,412,Venta,Lautaro Moreno,Consumidor Final,Docena de Miga de J&Q,,1,15000,9300,0,15000
,2026-09-25 10:21:28,409,Venta,Lautaro Moreno,Consumidor Final,Sandwich de pebete de Jamón y Queso,PBT-02,1,2000,870,300,1700
,2026-09-25 10:13:49,408,Venta,Santiago Loyola Loyola Chiozzi,Marisel Nano Electronica,Sandwich de Miga de Jamón y Queso,MIG-01,4,2000,1450,800,7200
,2026-09-25 10:13:49,408,Venta,Santiago Loyola Loyola Chiozzi,Marisel Nano Electronica,Sandwich de Miga de Salame y Queso,MIG-02,4,2000,1650,800,7200
,2026-09-25 10:12:04,407,Venta,Santiago Loyola Loyola Chiozzi,Eugenia,Sandwich de Miga de Jamón y Queso,MIG-01,2,2000,1450,426.67,3573.33
,2026-09-25 10:12:04,407,Venta,Santiago Loyola Loyola Chiozzi,Eugenia,Sandwich de Miga de Ternera y Queso,MIG-03,1,2500,2040,266.67,2233.33
,2026-09-25 10:12:04,407,Venta,Santiago Loyola Loyola Chiozzi,Eugenia,Sandwich de Pebete de Salame y Queso,PBT-01,4,2000,1165,853.33,7146.67
,2026-09-25 10:12:04,407,Venta,Santiago Loyola Loyola Chiozzi,Eugenia,Sandwich de Miga de Salame y Queso,MIG-02,4,2000,1650,853.33,7146.67
,2026-09-25 07:11:09,403,Venta,Lautaro Moreno,Super Ana,Super Miga JyQ,,1,2500,985.7,0,2500
,2026-09-25 07:11:09,403,Venta,Lautaro Moreno,Super Ana,Super Miga JyQ,,1,2500,985.7,0,2500
,2026-09-25 07:11:09,403,Venta,Lautaro Moreno,Super Ana,Super Miga JyQ,,1,2500,985.7,0,2500
,2026-09-25 07:11:09,403,Venta,Lautaro Moreno,Super Ana,Super Miga JyQ,,1,2500,985.7,0,2500
,2026-09-25 07:11:09,403,Venta,Lautaro Moreno,Super Ana,Super Miga JyQ,,1,2500,985.7,0,2500
,2026-09-25 07:11:09,403,Venta,Lautaro Moreno,Super Ana,Super Miga JyQ,,1,2500,985.7,0,2500
,2026-09-25 07:11:09,403,Venta,Lautaro Moreno,Super Ana,Super Miga JyQ,,1,2500,985.7,0,2500
,2026-09-25 07:11:09,403,Venta,Lautaro Moreno,Super Ana,Super Miga JyQ,,1,2500,985.7,0,2500
,2026-09-25 07:11:09,403,Venta,Lautaro Moreno,Super Ana,Super Miga JyQ,,1,2500,985.7,0,2500
,2026-09-25 07:11:09,403,Venta,Lautaro Moreno,Super Ana,Super Miga JyQ,,1,2500,985.7,0,2500
,2026-09-25 07:11:09,403,Venta,Lautaro Moreno,Super Ana,Super Miga Salame,,1,2500,967.78,0,2500
,2026-09-25 07:11:09,403,Venta,Lautaro Moreno,Super Ana,Super Miga Salame,,1,2500,967.78,0,2500
,2026-09-25 07:11:09,403,Venta,Lautaro Moreno,Super Ana,Super Miga Salame,,1,2500,967.78,0,2500
,2026-09-25 07:11:09,403,Venta,Lautaro Moreno,Super Ana,Sandwich de Pebete de Salame y Queso,PBT-01,1,2000,1102.58,0,2000
,2026-09-25 07:11:09,403,Venta,Lautaro Moreno,Super Ana,Sandwich de Pebete de Salame y Queso,PBT-01,1,2000,1102.58,0,2000
,2026-09-25 07:11:09,403,Venta,Lautaro Moreno,Super Ana,Sandwich de Pebete de Salame y Queso,PBT-01,1,2000,1102.58,0,2000
,2026-09-25 07:11:09,403,Venta,Lautaro Moreno,Super Ana,Sandwich de pebete de Jamón y Queso,PBT-02,1,2000,752.62000000000012,0,2000
,2026-09-25 07:11:09,403,Venta,Lautaro Moreno,Super Ana,Sandwich de pebete de Jamón y Queso,PBT-02,1,2000,752.62000000000012,0,2000
,2026-09-25 07:11:09,403,Venta,Lautaro Moreno,Super Ana,Sandwich de pebete de Jamón y Queso,PBT-02,1,2000,752.62000000000012,0,2000
,2026-09-25 07:11:09,403,Venta,Lautaro Moreno,Super Ana,Milanesa,,1,4000,2990.913,0,4000
,2026-09-25 07:11:09,403,Venta,Lautaro Moreno,Super Ana,Milanesa,,1,4000,2990.913,0,4000
,2026-09-25 07:11:09,403,Venta,Lautaro Moreno,Super Ana,Milanesa,,1,4000,2990.913,0,4000
,2026-09-25 07:11:09,403,Venta,Lautaro Moreno,Super Ana,Milanesa,,1,4000,2990.913,0,4000
,2026-09-24 11:16:55,397,Venta,,Consumidor Final,Media docena de pebete de S&Q,,1,9000,6065,0,9000
,2026-09-24 11:16:55,397,Venta,,Consumidor Final,Media Docena de Miga J&Q,,1,7500,2795,0,7500
,2026-09-24 09:09:38,391,Venta,Lautaro Moreno, - ,Sandwich de Miga de Salame y Queso,MIG-02,1,2000,969.7794,0,2000
,2026-09-24 09:03:51,390,Venta,Lautaro Moreno,El tigre,Sandwich de Pebete de Salame y Queso,PBT-01,3,2000,1102.58,0,6000
,2026-09-24 09:03:51,390,Venta,Lautaro Moreno,El tigre,Sandwich de pebete de Jamón y Queso,PBT-02,2,2000,752.62000000000012,0,4000
,2026-09-24 09:02:23,389,Venta,Lautaro Moreno,Super Ana,Milanesa,,3,4000,2990.913,0,12000
,2026-09-24 09:02:23,389,Venta,Lautaro Moreno,Super Ana,Sandwich de pebete de Jamón y Queso,PBT-02,4,2000,752.62000000000012,0,8000
,2026-09-24 09:02:23,389,Venta,Lautaro Moreno,Super Ana,Sandwich de Pebete de Salame y Queso,PBT-01,4,2000,1102.58,0,8000
,2026-09-24 09:02:23,389,Venta,Lautaro Moreno,Super Ana,Super Miga JyQ,,10,2500,985.7,0,25000
,2026-09-24 09:02:23,389,Venta,Lautaro Moreno,Super Ana,Super Miga Salame,,1,2500,967.78,0,2500
,2026-09-24 07:07:26,402,Venta,Lautaro Moreno,Maria Lopez,Sandwich de Pebete de Salame y Queso,PBT-01,1,2000,1102.58,153.85,1846.15
,2026-09-24 07:07:26,402,Venta,Lautaro Moreno,Maria Lopez,Sandwich de Pebete de Salame y Queso,PBT-01,1,2000,1102.58,153.85,1846.15
,2026-09-24 07:07:26,402,Venta,Lautaro Moreno,Maria Lopez,Sandwich de Pebete de Salame y Queso,PBT-01,1,2000,1102.58,153.85,1846.15
,2026-09-24 07:07:26,402,Venta,Lautaro Moreno,Maria Lopez,Sandwich de pebete de Jamón y Queso,PBT-02,1,2000,752.62000000000012,153.85,1846.15
,2026-09-24 07:07:26,402,Venta,Lautaro Moreno,Maria Lopez,Sandwich de Miga de Jamón y Queso,MIG-01,1,2000,985.6994,153.85,1846.15
,2026-09-24 07:07:26,402,Venta,Lautaro Moreno,Maria Lopez,Sandwich de Miga de Jamón y Queso,MIG-01,1,2000,985.6994,153.85,1846.15
,2026-09-24 07:07:26,402,Venta,Lautaro Moreno,Maria Lopez,Sandwich de Miga de Jamón y Queso,MIG-01,1,2000,985.6994,153.85,1846.15
,2026-09-24 07:07:26,402,Venta,Lautaro Moreno,Maria Lopez,Sandwich de Miga de Jamón y Queso,MIG-01,1,2000,985.6994,153.85,1846.15
,2026-09-24 07:07:26,402,Venta,Lautaro Moreno,Maria Lopez,Sandwich de Miga de Jamón y Queso,MIG-01,1,2000,985.6994,153.85,1846.15
,2026-09-24 07:07:26,402,Venta,Lautaro Moreno,Maria Lopez,Sandwich de Miga de Jamón y Queso,MIG-01,1,2000,985.6994,153.85,1846.15
,2026-09-24 07:07:26,402,Venta,Lautaro Moreno,Maria Lopez,Sandwich de Miga de Jamón y Queso,MIG-01,1,2000,985.6994,153.85,1846.15
,2026-09-24 07:07:26,402,Venta,Lautaro Moreno,Maria Lopez,Sandwich de Miga de Jamón y Queso,MIG-01,1,2000,985.6994,153.85,1846.15
,2026-09-24 07:07:26,402,Venta,Lautaro Moreno,Maria Lopez,Sandwich de Miga de Jamón y Queso,MIG-01,1,2000,985.6994,153.8,1846.2
,2026-09-23 09:12:35,384,Venta,Santiago Loyola Loyola Chiozzi,Marisel Nano Electronica,Sandwich de Miga de Salame y Queso,MIG-02,4,2000,969.7794,0,8000
,2026-09-23 09:12:35,384,Venta,Santiago Loyola Loyola Chiozzi,Marisel Nano Electronica,Sandwich de Miga de Jamón y Queso,MIG-01,4,2000,985.6994,0,8000
,2026-09-23 09:10:59,383,Venta,Santiago Loyola Loyola Chiozzi,Eugenia,Sandwich de Pebete de Salame y Queso,PBT-01,4,2000,1102.58,0,8000
,2026-09-23 09:10:59,383,Venta,Santiago Loyola Loyola Chiozzi,Eugenia,Sandwich de Miga de Salame y Queso,MIG-02,4,2000,969.7794,0,8000
,2026-09-23 09:10:59,383,Venta,Santiago Loyola Loyola Chiozzi,Eugenia,Sandwich de Miga de Jamón y Queso,MIG-01,2,2000,985.6994,0,4000
,2026-09-23 09:08:05,382,Venta,Santiago Loyola Loyola Chiozzi,Super Ana,Milanesa,,4,4000,2990.913,0,16000
,2026-09-23 09:08:05,382,Venta,Santiago Loyola Loyola Chiozzi,Super Ana,Sandwich de pebete de Jamón y Queso,PBT-02,3,2000,752.62000000000012,0,6000
,2026-09-23 09:08:05,382,Venta,Santiago Loyola Loyola Chiozzi,Super Ana,Sandwich de Pebete de Salame y Queso,PBT-01,3,2000,1102.58,0,6000
,2026-09-23 09:08:05,382,Venta,Santiago Loyola Loyola Chiozzi,Super Ana,Super Miga Salame,,2,2500,967.78,0,5000
,2026-09-23 09:08:05,382,Venta,Santiago Loyola Loyola Chiozzi,Super Ana,Super Miga JyQ,,6,2500,985.7,0,15000
,2026-09-23 08:03:35,381,Venta,Lautaro Moreno, - ,Sandwich de Miga de Ternera y Queso,MIG-03,1,2500,1047.94,0,2500
,2026-09-22 11:52:24,378,Venta,Santiago Loyola Loyola Chiozzi,oasis,Media Docena de Miga J&Q,,1,7500,2795,1533.33,5966.67
,2026-09-22 11:52:24,378,Venta,Santiago Loyola Loyola Chiozzi,oasis,Docena de Miga de T&Q,,2,15000,6900,6133.33,23866.67
,2026-09-22 11:52:24,378,Venta,Santiago Loyola Loyola Chiozzi,oasis,Media docena de Miga de S&Q,,1,7500,3582,1533.34,5966.66
,2026-09-22 11:51:11,377,Venta,Santiago Loyola Loyola Chiozzi,El tigre,Sandwich de pebete de Jamón y Queso,PBT-02,1,2000,752.62000000000012,0,2000
,2026-09-22 11:51:11,377,Venta,Santiago Loyola Loyola Chiozzi,El tigre,Sandwich de Pebete de Salame y Queso,PBT-01,1,2000,1102.58,0,2000
,2026-09-22 11:51:11,377,Venta,Santiago Loyola Loyola Chiozzi,El tigre,Sandwich de Miga de Jamón y Queso,MIG-01,5,2000,985.6994,0,10000
,2026-09-22 11:51:11,377,Venta,Santiago Loyola Loyola Chiozzi,El tigre,Sandwich de Miga de Salame y Queso,MIG-02,3,2000,969.7794,0,6000
,2026-09-22 11:50:31,376,Venta,Santiago Loyola Loyola Chiozzi,El Control,Sandwich de Miga de Jamón y Queso,MIG-01,5,2000,985.6994,0,10000
,2026-09-22 11:50:31,376,Venta,Santiago Loyola Loyola Chiozzi,El Control,Milanesa,,4,4000,2990.913,0,16000
,2026-09-22 11:49:39,375,Venta,Santiago Loyola Loyola Chiozzi,Super Ana,Milanesa,,2,4000,2990.913,0,8000
,2026-09-22 11:49:39,375,Venta,Santiago Loyola Loyola Chiozzi,Super Ana,Sandwich de pebete de Jamón y Queso,PBT-02,4,2000,752.62000000000012,0,8000
,2026-09-22 11:49:39,375,Venta,Santiago Loyola Loyola Chiozzi,Super Ana,Sandwich de Pebete de Salame y Queso,PBT-01,4,2000,1102.58,0,8000
,2026-09-22 11:49:39,375,Venta,Santiago Loyola Loyola Chiozzi,Super Ana,Super Miga JyQ,,10,2500,985.7,0,25000
,2026-09-22 11:49:39,375,Venta,Santiago Loyola Loyola Chiozzi,Super Ana,Super Miga Salame,,4,2500,967.78,0,10000
,2026-09-22 11:48:00,374,Venta,Santiago Loyola Loyola Chiozzi,Maria Lopez,Sandwich de Miga de Jamón y Queso,MIG-01,6,2200,985.6994,0,13200
,2026-09-22 11:48:00,374,Venta,Santiago Loyola Loyola Chiozzi,Maria Lopez,Sandwich de Pebete de Salame y Queso,PBT-01,2,2000,1102.58,0,4000
,2026-09-22 11:48:00,374,Venta,Santiago Loyola Loyola Chiozzi,Maria Lopez,Sandwich de pebete de Jamón y Queso,PBT-02,2,2000,752.62000000000012,0,4000
,2026-09-22 11:10:58,373,Venta,Santiago Loyola Loyola Chiozzi,Marta Alarcon Polleria Alita,Milanesa,,2,4000,2990.913,0,8000
,2026-09-22 11:10:58,373,Venta,Santiago Loyola Loyola Chiozzi,Marta Alarcon Polleria Alita,Sandwich de pebete de Jamón y Queso,PBT-02,2,2000,752.62000000000012,0,4000
,2026-09-22 11:10:58,373,Venta,Santiago Loyola Loyola Chiozzi,Marta Alarcon Polleria Alita,Sandwich de Pebete de Salame y Queso,PBT-01,2,2000,1102.58,0,4000
,2026-09-21 11:11:33,369,Venta,Santiago Loyola Loyola Chiozzi,Marisel Nano Electronica,Sandwich de Miga de Salame y Queso,MIG-02,4,2000,969.7794,0,8000
,2026-09-21 11:11:33,369,Venta,Santiago Loyola Loyola Chiozzi,Marisel Nano Electronica,Sandwich de Miga de Jamón y Queso,MIG-01,4,2000,985.6994,0,8000
,2026-09-21 11:11:07,368,Venta,Santiago Loyola Loyola Chiozzi,Eugenia,Sandwich de Miga de Salame y Queso,MIG-02,4,2000,969.7794,0,8000
,2026-09-21 11:11:07,368,Venta,Santiago Loyola Loyola Chiozzi,Eugenia,Sandwich de Pebete de Salame y Queso,PBT-01,4,2000,1102.58,0,8000
,2026-09-21 11:10:29,367,Venta,Santiago Loyola Loyola Chiozzi,Super Ana,Super Miga JyQ,,4,2500,985.7,0,10000
,2026-09-21 11:10:29,367,Venta,Santiago Loyola Loyola Chiozzi,Super Ana,Sandwich de Pebete de Salame y Queso,PBT-01,4,2000,1102.58,0,8000
,2026-09-21 11:10:29,367,Venta,Santiago Loyola Loyola Chiozzi,Super Ana,Milanesa,,4,4000,2990.913,0,16000
,2026-09-21 11:10:29,367,Venta,Santiago Loyola Loyola Chiozzi,Super Ana,Super Miga Salame,,2,2500,967.78,0,5000
,2026-09-21 11:10:29,367,Venta,Santiago Loyola Loyola Chiozzi,Super Ana,Sandwich de pebete de Jamón y Queso,PBT-02,4,2000,752.62000000000012,0,8000
,2026-09-21 10:59:12,364,Venta,Lautaro Moreno,Eugenia,Milanesa,,1,4000,2990.913,0,4000
,2026-09-21 10:59:12,364,Venta,Lautaro Moreno,Eugenia,Docena de Miga de J&Q,,1,15000,6513,0,15000
,2026-09-21 10:59:12,364,Venta,Lautaro Moreno,Eugenia,Milanesa,,1,4000,2990.913,0,4000
,2026-09-21 09:38:56,363,Venta,,Consumidor Final,Docena de Miga de J&Q,,1,15000,6513,0,15000
,2026-09-21 09:38:56,363,Venta,,Consumidor Final,Docena de Miga de J&Q,,1,15000,6513,0,15000
,2026-09-21 09:38:56,363,Venta,,Consumidor Final,Docena de Miga de J&Q,,1,15000,6513,0,15000
,2026-09-21 09:38:56,363,Venta,,Consumidor Final,Docena de Miga de J&Q,,1,15000,6513,0,15000
,2026-09-21 09:38:56,363,Venta,,Consumidor Final,Docena de Miga de J&Q,,1,15000,6513,0,15000
,2026-09-21 09:38:56,363,Venta,,Consumidor Final,Docena de Miga de J&Q,,1,15000,6513,0,15000
,2026-09-21 09:38:56,363,Venta,,Consumidor Final,Docena de Miga de J&Q,,1,15000,6513,0,15000
,2026-09-21 09:38:56,363,Venta,,Consumidor Final,Docena de Miga de J&Q,,1,15000,6513,0,15000
,2026-09-18 22:00:00,347,Venta,Santiago Loyola Loyola Chiozzi,El tigre,Sandwich de Miga de Jamón y Queso,MIG-01,3,2000,985.6994,0,6000
,2026-09-18 22:00:00,347,Venta,Santiago Loyola Loyola Chiozzi,El tigre,Sandwich de Miga de Salame y Queso,MIG-02,2,2000,969.7794,0,4000
,2026-09-18 22:00:00,350,Venta,Santiago Loyola Loyola Chiozzi, - ,"Sandwich de Pebete de Ternera, Tomate y queso",PBT-03,6,3000,1169.14,4781.25,13218.75
,2026-09-18 22:00:00,350,Venta,Santiago Loyola Loyola Chiozzi, - ,Sandwich de Miga de Ternera y Queso,MIG-03,12,2500,1047.94,7968.75,22031.25
,2026-09-18 22:00:00,348,Venta,Santiago Loyola Loyola Chiozzi,Marta Alarcon Polleria Alita,Sandwich de Pebete de Salame y Queso,PBT-01,2,2000,1102.58,0,4000
,2026-09-18 22:00:00,348,Venta,Santiago Loyola Loyola Chiozzi,Marta Alarcon Polleria Alita,Milanesa,,2,4000,2990.913,0,8000
,2026-09-18 22:00:00,348,Venta,Santiago Loyola Loyola Chiozzi,Marta Alarcon Polleria Alita,Sandwich de pebete de Jamón y Queso,PBT-02,2,2000,752.62000000000012,0,4000
,2026-09-18 22:00:00,348,Venta,Santiago Loyola Loyola Chiozzi,Marta Alarcon Polleria Alita,Sandwich de Miga de Jamón y Queso,MIG-01,5,2000,985.6994,0,10000
,2026-09-18 22:00:00,346,Venta,Santiago Loyola Loyola Chiozzi,Super Ana,Super Miga Salame,,4,2500,967.78,0,10000
,2026-09-18 22:00:00,346,Venta,Santiago Loyola Loyola Chiozzi,Super Ana,Sandwich de Pebete de Salame y Queso,PBT-01,5,2000,1102.58,0,10000
,2026-09-18 22:00:00,346,Venta,Santiago Loyola Loyola Chiozzi,Super Ana,Sandwich de pebete de Jamón y Queso,PBT-02,5,2000,752.62000000000012,0,10000
,2026-09-18 22:00:00,346,Venta,Santiago Loyola Loyola Chiozzi,Super Ana,Super Miga JyQ,,10,2500,985.7,0,25000
,2026-09-18 22:00:00,346,Venta,Santiago Loyola Loyola Chiozzi,Super Ana,Milanesa,,2,4000,2990.913,0,8000
,2026-09-18 09:24:57,341,Venta,Santiago Loyola Loyola Chiozzi,Maria Lopez,Sandwich de Pebete de Salame y Queso,PBT-01,2,2000,1102.58,0,4000
,2026-09-18 09:24:57,341,Venta,Santiago Loyola Loyola Chiozzi,Maria Lopez,Sandwich de pebete de Jamón y Queso,PBT-02,2,2000,752.62000000000012,0,4000
,2026-09-18 09:24:57,341,Venta,Santiago Loyola Loyola Chiozzi,Maria Lopez,Sandwich de Miga de Jamón y Queso,MIG-01,6,2200,985.6994,0,13200
,2026-09-18 09:24:14,340,Venta,Santiago Loyola Loyola Chiozzi,Eugenia,Sandwich de Pebete de Salame y Queso,PBT-01,4,2000,1102.58,0,8000
,2026-09-18 09:24:14,340,Venta,Santiago Loyola Loyola Chiozzi,Eugenia,Sandwich de Miga de Jamón y Queso,MIG-01,2,2000,985.6994,0,4000
,2026-09-18 09:24:14,340,Venta,Santiago Loyola Loyola Chiozzi,Eugenia,Sandwich de Miga de Salame y Queso,MIG-02,4,2000,969.7794,0,8000
,2026-09-18 09:24:14,340,Venta,Santiago Loyola Loyola Chiozzi,Eugenia,Sandwich de Miga de Ternera y Queso,MIG-03,1,2500,1047.94,0,2500
,2026-09-18 09:23:31,339,Venta,Santiago Loyola Loyola Chiozzi,Super Ana,Sandwich de pebete de Jamón y Queso,PBT-02,3,2000,752.62000000000012,0,6000
,2026-09-18 09:23:31,339,Venta,Santiago Loyola Loyola Chiozzi,Super Ana,Super Miga JyQ,,8,2500,985.7,0,20000
,2026-09-18 09:23:31,339,Venta,Santiago Loyola Loyola Chiozzi,Super Ana,Sandwich de Pebete de Salame y Queso,PBT-01,3,2000,1102.58,0,6000
,2026-09-18 09:23:31,339,Venta,Santiago Loyola Loyola Chiozzi,Super Ana,Milanesa,,2,4000,2990.913,0,8000
,2026-09-18 09:23:31,339,Venta,Santiago Loyola Loyola Chiozzi,Super Ana,Super Miga Salame,,4,2500,967.78,0,10000
,2026-09-18 08:47:08,338,Venta,Santiago Loyola Loyola Chiozzi,Marisel Nano Electronica,Sandwich de Miga de Jamón y Queso,MIG-01,2,2000,985.6994,0,4000
,2026-09-18 08:47:08,338,Venta,Santiago Loyola Loyola Chiozzi,Marisel Nano Electronica,Sandwich de Miga de Salame y Queso,MIG-02,2,2000,969.7794,0,4000
,2026-09-18 07:08:00,349,Venta,Lautaro Moreno, - ,"Sandwich de Pebete de Ternera, Tomate y queso",PBT-03,1,3000,1169.14,600,2400
,2026-09-18 07:08:00,349,Venta,Lautaro Moreno, - ,Sandwich de Miga de Ternera y Queso,MIG-03,1,2500,1047.94,500,2000
,2026-09-18 07:08:00,349,Venta,Lautaro Moreno, - ,Sandwich de Miga de Ternera y Queso,MIG-03,1,2500,1047.94,500,2000
,2026-09-18 07:08:00,349,Venta,Lautaro Moreno, - ,Sandwich de Miga de Ternera y Queso,MIG-03,1,2500,1047.94,500,2000
,2026-09-18 07:08:00,349,Venta,Lautaro Moreno, - ,"Sandwich de Pebete de Ternera, Tomate y queso",PBT-03,1,3000,1169.14,600,2400
,2026-09-18 07:08:00,349,Venta,Lautaro Moreno, - ,Sandwich de Miga de Ternera y Queso,MIG-03,1,2500,1047.94,500,2000
,2026-09-18 07:08:00,349,Venta,Lautaro Moreno, - ,Sandwich de Miga de Ternera y Queso,MIG-03,1,2500,1047.94,500,2000
,2026-09-18 07:08:00,349,Venta,Lautaro Moreno, - ,Sandwich de Miga de Ternera y Queso,MIG-03,1,2500,1047.94,500,2000
,2026-09-18 07:08:00,349,Venta,Lautaro Moreno, - ,"Sandwich de Pebete de Ternera, Tomate y queso",PBT-03,1,3000,1169.14,600,2400
,2026-09-18 07:08:00,349,Venta,Lautaro Moreno, - ,Sandwich de Miga de Ternera y Queso,MIG-03,1,2500,1047.94,500,2000
,2026-09-18 07:08:00,349,Venta,Lautaro Moreno, - ,Sandwich de Miga de Ternera y Queso,MIG-03,1,2500,1047.94,500,2000
,2026-09-18 07:08:00,349,Venta,Lautaro Moreno, - ,Sandwich de Miga de Ternera y Queso,MIG-03,1,2500,1047.94,500,2000
,2026-09-18 07:08:00,349,Venta,Lautaro Moreno, - ,Sandwich de Miga de Ternera y Queso,MIG-03,1,2500,1047.94,500,2000
,2026-09-18 07:08:00,349,Venta,Lautaro Moreno, - ,Sandwich de Miga de Ternera y Queso,MIG-03,1,2500,1047.94,500,2000
,2026-09-18 07:08:00,349,Venta,Lautaro Moreno, - ,"Sandwich de Pebete de Ternera, Tomate y queso",PBT-03,1,3000,1169.14,600,2400
,2026-09-18 07:08:00,349,Venta,Lautaro Moreno, - ,"Sandwich de Pebete de Ternera, Tomate y queso",PBT-03,1,3000,1169.14,600,2400
,2026-09-18 07:08:00,349,Venta,Lautaro Moreno, - ,Sandwich de Miga de Ternera y Queso,MIG-03,1,2500,1047.94,500,2000
,2026-09-18 07:08:00,349,Venta,Lautaro Moreno, - ,"Sandwich de Pebete de Ternera, Tomate y queso",PBT-03,1,3000,1169.14,600,2400
,2026-09-17 14:02:34,334,Venta,Lautaro Moreno, - ,Milanesa,,1,4000,2990.913,500,3500
,2026-09-17 10:56:56,332,Venta,Lautaro Moreno,Consumidor Final,Docena de Miga de T&Q,,1,18000,6900,3000,15000
,2026-09-17 10:56:56,332,Venta,Lautaro Moreno,Consumidor Final,Docena de Miga de J&Q,,1,18000,6513,3000,15000
,2026-09-17 10:56:56,332,Venta,Lautaro Moreno,Consumidor Final,Docena Miga salame,,1,18000,6511,3000,15000
,2026-09-17 10:56:56,332,Venta,Lautaro Moreno,Consumidor Final,Docena de Miga de J&Q,,1,18000,6513,3000,15000
,2026-09-17 10:56:56,332,Venta,Lautaro Moreno,Consumidor Final,Docena Miga salame,,1,18000,6511,3000,15000
,2026-09-17 10:56:56,332,Venta,Lautaro Moreno,Consumidor Final,Docena de Miga de T&Q,,1,18000,6900,3000,15000
,2026-09-17 10:53:54,330,Venta,Lautaro Moreno,Consumidor Final,Docena de Miga de J&Q,,1,18000,6513,1000,17000
,2026-09-17 10:51:42,328,Venta,,Consumidor Final,"Sandwich de Pebete de Ternera, Tomate y queso",PBT-03,1,3000,1169.14,0,3000
,2026-09-17 10:50:42,327,Venta,Lautaro Moreno, - ,Docena de Miga de J&Q,,1,18000,6513,3000,15000
,2026-09-17 10:50:42,327,Venta,Lautaro Moreno, - ,Media Docena de Miga J&Q,,1,9000,2795,1500,7500
,2026-09-17 10:50:42,327,Venta,Lautaro Moreno, - ,Media docena de Miga de S&Q,,1,9000,3582,1500,7500
,2026-09-17 10:45:44,326,Venta,Lautaro Moreno,Consumidor Final,Sandwich de Miga de Ternera y Queso,MIG-03,1,2500,1047.94,0,2500
,2026-09-17 10:07:53,325,Venta,Santiago Loyola Loyola Chiozzi,El Control,Milanesa,,3,4000,2990.913,0,12000
,2026-09-17 10:07:53,325,Venta,Santiago Loyola Loyola Chiozzi,El Control,Sandwich de Miga de Salame y Queso,MIG-02,3,2000,969.7794,0,6000
,2026-09-17 10:06:37,324,Venta,Santiago Loyola Loyola Chiozzi,El tigre,Sandwich de Miga de Jamón y Queso,MIG-01,1,2000,985.6994,0,2000
,2026-09-17 10:06:37,324,Venta,Santiago Loyola Loyola Chiozzi,El tigre,Sandwich de Pebete de Salame y Queso,PBT-01,1,2000,1102.58,0,2000
,2026-09-17 10:06:37,324,Venta,Santiago Loyola Loyola Chiozzi,El tigre,Sandwich de Miga de Salame y Queso,MIG-02,1,2000,969.7794,0,2000
,2026-09-17 10:06:37,324,Venta,Santiago Loyola Loyola Chiozzi,El tigre,Sandwich de Miga de Ternera y Queso,MIG-03,2,2500,1047.94,0,5000
,2026-09-17 10:06:37,324,Venta,Santiago Loyola Loyola Chiozzi,El tigre,Sandwich de pebete de Jamón y Queso,PBT-02,1,2000,752.62000000000012,0,2000
,2026-09-17 10:05:21,323,Venta,Santiago Loyola Loyola Chiozzi,Super Ana,Super Miga JyQ,,8,2500,985.7,0,20000
,2026-09-17 10:05:21,323,Venta,Santiago Loyola Loyola Chiozzi,Super Ana,Super Miga Salame,,4,2500,967.78,0,10000
,2026-09-17 10:05:21,323,Venta,Santiago Loyola Loyola Chiozzi,Super Ana,Sandwich de Pebete de Salame y Queso,PBT-01,3,2000,1102.58,0,6000
,2026-09-17 10:05:21,323,Venta,Santiago Loyola Loyola Chiozzi,Super Ana,Sandwich de pebete de Jamón y Queso,PBT-02,3,2000,752.62000000000012,0,6000
,2026-09-17 10:05:21,323,Venta,Santiago Loyola Loyola Chiozzi,Super Ana,Milanesa,,4,4000,2990.913,0,16000
,2026-09-17 08:22:53,336,Venta,Lautaro Moreno,Consumidor Final,Milanesa,,1,4000,2990.913,500,3500
,2026-09-16 12:11:07,318,Venta,Lautaro Moreno,Consumidor Final,Milanesa,,1,4000,2990.913,0,4000
,2026-09-16 09:48:27,315,Venta,Santiago Loyola Loyola Chiozzi,Super Ana,Super Miga Salame,,1,2500,967.78,0,2500
,2026-09-16 09:48:27,315,Venta,Santiago Loyola Loyola Chiozzi,Super Ana,Super Miga JyQ,,4,2500,985.7,0,10000
,2026-09-16 09:48:27,315,Venta,Santiago Loyola Loyola Chiozzi,Super Ana,Milanesa,,1,4000,2990.913,0,4000
,2026-09-16 09:48:27,315,Venta,Santiago Loyola Loyola Chiozzi,Super Ana,Sandwich de Pebete de Salame y Queso,PBT-01,3,2000,1102.58,0,6000
,2026-09-16 09:47:33,314,Venta,Santiago Loyola Loyola Chiozzi,Eugenia,Sandwich de Pebete de Salame y Queso,PBT-01,4,2000,1102.58,0,8000
,2026-09-16 09:47:33,314,Venta,Santiago Loyola Loyola Chiozzi,Eugenia,Sandwich de Miga de Salame y Queso,MIG-02,4,2000,969.7794,0,8000
,2026-09-16 09:47:33,314,Venta,Santiago Loyola Loyola Chiozzi,Eugenia,Sandwich de Miga de Ternera y Queso,MIG-03,1,2500,1047.94,0,2500
,2026-09-16 09:46:10,313,Venta,Santiago Loyola Loyola Chiozzi,Marisel Nano Electronica,Sandwich de Miga de Salame y Queso,MIG-02,3,2000,969.7794,0,6000
,2026-09-16 09:46:10,313,Venta,Santiago Loyola Loyola Chiozzi,Marisel Nano Electronica,Sandwich de Miga de Jamón y Queso,MIG-01,3,2000,985.6994,0,6000
,2026-09-16 09:45:17,312,Venta,Santiago Loyola Loyola Chiozzi,Maria Lopez,Sandwich de Pebete de Salame y Queso,PBT-01,3,2000,1102.58,0,6000
,2026-09-16 09:45:17,312,Venta,Santiago Loyola Loyola Chiozzi,Maria Lopez,Sandwich de pebete de Jamón y Queso,PBT-02,2,2000,752.62000000000012,0,4000
,2026-09-16 07:31:26,311,Venta,Santiago Loyola Loyola Chiozzi, - ,Sandwich de Miga de Ternera y Queso,MIG-03,1,2500,1047.94,0,2500
,2026-09-15 09:25:01,309,Venta,Santiago Loyola Loyola Chiozzi,El tigre,Sandwich de Miga de Jamón y Queso,MIG-01,2,2000,985.6994,0,4000
,2026-09-15 09:25:01,309,Venta,Santiago Loyola Loyola Chiozzi,El tigre,Sandwich de Miga de Salame y Queso,MIG-02,1,2000,969.7794,0,2000
,2026-09-15 09:25:01,309,Venta,Santiago Loyola Loyola Chiozzi,El tigre,Sandwich de Miga de Ternera y Queso,MIG-03,3,2500,1047.94,0,7500
,2026-09-15 09:24:32,308,Venta,Santiago Loyola Loyola Chiozzi,El Control,Sandwich de Miga de Jamón y Queso,MIG-01,4,2000,985.6994,0,8000
,2026-09-15 09:24:32,308,Venta,Santiago Loyola Loyola Chiozzi,El Control,Sandwich de Miga de Salame y Queso,MIG-02,2,2000,969.7794,0,4000
,2026-09-15 09:24:32,308,Venta,Santiago Loyola Loyola Chiozzi,El Control,Milanesa,,3,4000,2990.913,0,12000
,2026-09-15 09:23:57,307,Venta,Santiago Loyola Loyola Chiozzi,Marta Alarcon Polleria Alita,Milanesa,,2,4000,2990.913,0,8000
,2026-09-15 09:23:57,307,Venta,Santiago Loyola Loyola Chiozzi,Marta Alarcon Polleria Alita,Sandwich de pebete de Jamón y Queso,PBT-02,3,2000,752.62000000000012,0,6000
,2026-09-15 09:23:57,307,Venta,Santiago Loyola Loyola Chiozzi,Marta Alarcon Polleria Alita,Sandwich de Pebete de Salame y Queso,PBT-01,3,2000,1102.58,0,6000
,2026-09-15 09:23:57,307,Venta,Santiago Loyola Loyola Chiozzi,Marta Alarcon Polleria Alita,"Sandwich de Pebete de Ternera, Tomate y queso",PBT-03,2,3000,1169.14,0,6000
,2026-09-15 09:23:57,307,Venta,Santiago Loyola Loyola Chiozzi,Marta Alarcon Polleria Alita,Sandwich de Miga de Jamón y Queso,MIG-01,6,2000,985.6994,0,12000
,2026-09-15 09:22:51,306,Venta,Santiago Loyola Loyola Chiozzi,Super Ana,Super Miga Salame,,4,2500,967.78,0,10000
,2026-09-15 09:22:51,306,Venta,Santiago Loyola Loyola Chiozzi,Super Ana,Super Miga JyQ,,5,2500,985.7,0,12500
,2026-09-15 09:22:51,306,Venta,Santiago Loyola Loyola Chiozzi,Super Ana,Sandwich de Pebete de Salame y Queso,PBT-01,3,2000,1102.58,0,6000
,2026-09-15 09:22:51,306,Venta,Santiago Loyola Loyola Chiozzi,Super Ana,Sandwich de pebete de Jamón y Queso,PBT-02,3,2000,752.62000000000012,0,6000
,2026-09-15 09:22:51,306,Venta,Santiago Loyola Loyola Chiozzi,Super Ana,Milanesa,,6,4000,2990.913,0,24000
,2026-09-14 12:21:04,305,Venta,,Consumidor Final,Media docena de Miga de S&Q,,1,9000,3582,1800,7200
,2026-09-14 12:21:04,305,Venta,,Consumidor Final,Media Docena de Miga J&Q,,1,9000,2795,1800,7200
,2026-09-14 12:21:04,305,Venta,,Consumidor Final,Media docena de Miga de S&Q,,1,9000,3582,1800,7200
,2026-09-14 12:21:04,305,Venta,,Consumidor Final,Media docena de miga de T&Q,,1,9000,3268,1800,7200
,2026-09-14 12:21:04,305,Venta,,Consumidor Final,Media Docena de Miga J&Q,,1,9000,2795,1800,7200
,2026-09-14 09:39:22,293,Venta,Santiago Loyola Loyola Chiozzi,Maria Lopez,"Sandwich de Pebete de Ternera, Tomate y queso",PBT-03,2,3000,1169.14,0,6000
,2026-09-14 09:39:22,293,Venta,Santiago Loyola Loyola Chiozzi,Maria Lopez,Sandwich de pebete de Jamón y Queso,PBT-02,3,2000,752.62000000000012,0,6000
,2026-09-14 09:39:22,293,Venta,Santiago Loyola Loyola Chiozzi,Maria Lopez,Sandwich de Miga de Jamón y Queso,MIG-01,6,2000,985.6994,0,12000
,2026-09-14 09:39:22,293,Venta,Santiago Loyola Loyola Chiozzi,Maria Lopez,Sandwich de Pebete de Salame y Queso,PBT-01,3,2000,1102.58,0,6000
,2026-09-14 09:35:34,292,Venta,Santiago Loyola Loyola Chiozzi,Marisel Nano Electronica,Sandwich de Miga de Salame y Queso,MIG-02,3,2000,969.7794,0,6000
,2026-09-14 09:35:34,292,Venta,Santiago Loyola Loyola Chiozzi,Marisel Nano Electronica,Sandwich de Miga de Jamón y Queso,MIG-01,4,2000,985.6994,0,8000
,2026-09-14 09:35:00,291,Venta,Santiago Loyola Loyola Chiozzi,Eugenia,Sandwich de Pebete de Salame y Queso,PBT-01,4,2000,1102.58,0,8000
,2026-09-14 09:35:00,291,Venta,Santiago Loyola Loyola Chiozzi,Eugenia,Sandwich de Miga de Salame y Queso,MIG-02,4,2000,969.7794,0,8000
,2026-09-14 09:35:00,291,Venta,Santiago Loyola Loyola Chiozzi,Eugenia,Sandwich de Miga de Jamón y Queso,MIG-01,2,2000,985.6994,0,4000
,2026-09-14 09:33:24,290,Venta,Santiago Loyola Loyola Chiozzi,Super Ana,Sandwich de pebete de Jamón y Queso,PBT-02,2,2000,752.62000000000012,0,4000
,2026-09-14 09:33:24,290,Venta,Santiago Loyola Loyola Chiozzi,Super Ana,Milanesa,,4,4000,2990.913,0,16000
,2026-09-14 09:33:24,290,Venta,Santiago Loyola Loyola Chiozzi,Super Ana,Super Miga Salame,,4,2500,967.78,0,10000
,2026-09-14 09:33:24,290,Venta,Santiago Loyola Loyola Chiozzi,Super Ana,Sandwich de Pebete de Salame y Queso,PBT-01,3,2000,1102.58,0,6000
,2026-09-14 09:33:24,290,Venta,Santiago Loyola Loyola Chiozzi,Super Ana,Super Miga JyQ,,5,2500,985.7,0,12500
,2026-09-12 09:49:54,285,Venta,Santiago Loyola Loyola Chiozzi,Marta Alarcon Polleria Alita,Milanesa,,5,4000,2990.913,0,20000
,2026-09-12 09:49:54,285,Venta,Santiago Loyola Loyola Chiozzi,Marta Alarcon Polleria Alita,Sandwich de Miga de Jamón y Queso,MIG-01,6,2000,985.6994,0,12000
,2026-09-12 09:49:54,285,Venta,Santiago Loyola Loyola Chiozzi,Marta Alarcon Polleria Alita,Sandwich de Pebete de Salame y Queso,PBT-01,2,2000,1102.58,0,4000
,2026-09-12 09:49:54,285,Venta,Santiago Loyola Loyola Chiozzi,Marta Alarcon Polleria Alita,Sandwich de pebete de Jamón y Queso,PBT-02,2,2000,752.62000000000012,0,4000
,2026-09-12 09:49:54,285,Venta,Santiago Loyola Loyola Chiozzi,Marta Alarcon Polleria Alita,"Sandwich de Pebete de Ternera, Tomate y queso",PBT-03,2,3000,1169.14,0,6000
,2026-09-12 09:46:59,284,Venta,Santiago Loyola Loyola Chiozzi,El Control,Sandwich de Miga de Salame y Queso,MIG-02,2,2000,969.7794,0,4000
,2026-09-12 09:46:59,284,Venta,Santiago Loyola Loyola Chiozzi,El Control,Sandwich de Miga de Jamón y Queso,MIG-01,4,2000,985.6994,0,8000
,2026-09-12 09:46:59,284,Venta,Santiago Loyola Loyola Chiozzi,El Control,Milanesa,,2,4000,2990.913,0,8000
,2026-09-12 09:45:39,283,Venta,Santiago Loyola Loyola Chiozzi,El tigre,Sandwich de pebete de Jamón y Queso,PBT-02,1,2000,752.62000000000012,0,2000
,2026-09-12 09:45:39,283,Venta,Santiago Loyola Loyola Chiozzi,El tigre,Sandwich de Pebete de Salame y Queso,PBT-01,2,2000,1102.58,0,4000
,2026-09-12 09:45:39,283,Venta,Santiago Loyola Loyola Chiozzi,El tigre,Sandwich de Miga de Jamón y Queso,MIG-01,3,2000,985.6994,0,6000
,2026-09-12 09:44:57,282,Venta,Santiago Loyola Loyola Chiozzi,Super Ana,Super Miga JyQ,,9,2500,985.7,0,22500
,2026-09-12 09:44:57,282,Venta,Santiago Loyola Loyola Chiozzi,Super Ana,Super Miga Salame,,3,2500,967.78,0,7500
,2026-09-12 09:44:57,282,Venta,Santiago Loyola Loyola Chiozzi,Super Ana,Sandwich de pebete de Jamón y Queso,PBT-02,5,2000,752.62000000000012,0,10000
,2026-09-12 09:44:57,282,Venta,Santiago Loyola Loyola Chiozzi,Super Ana,Sandwich de Pebete de Salame y Queso,PBT-01,5,2000,1102.58,0,10000
,2026-09-12 09:44:57,282,Venta,Santiago Loyola Loyola Chiozzi,Super Ana,Milanesa,,4,4000,2990.913,0,16000
,2026-09-11 12:11:44,304,Venta,Lautaro Moreno,Super Ana,Super Pebete Jyq,,1,2000,752.62,0,2000
,2026-09-11 12:11:44,304,Venta,Lautaro Moreno,Super Ana,Milanesa,,1,4000,2990.913,0,4000
,2026-09-11 12:11:44,304,Venta,Lautaro Moreno,Super Ana,Milanesa,,1,4000,2990.913,0,4000
,2026-09-11 12:11:44,304,Venta,Lautaro Moreno,Super Ana,Super Miga Salame,,1,2500,967.78,0,2500
,2026-09-11 12:11:44,304,Venta,Lautaro Moreno,Super Ana,Super Pebete Salame,,1,2000,1102.58,0,2000
,2026-09-11 12:11:44,304,Venta,Lautaro Moreno,Super Ana,Super Pebete Jyq,,1,2000,752.62,0,2000
,2026-09-11 12:11:44,304,Venta,Lautaro Moreno,Super Ana,Super Miga JyQ,,1,2500,985.7,0,2500
,2026-09-11 12:11:44,304,Venta,Lautaro Moreno,Super Ana,Super Miga Salame,,1,2500,967.78,0,2500
,2026-09-11 12:11:44,304,Venta,Lautaro Moreno,Super Ana,Super Miga JyQ,,1,2500,985.7,0,2500
,2026-09-11 12:11:44,304,Venta,Lautaro Moreno,Super Ana,Super Miga JyQ,,1,2500,985.7,0,2500
,2026-09-11 12:11:44,304,Venta,Lautaro Moreno,Super Ana,Super Miga JyQ,,1,2500,985.7,0,2500
,2026-09-11 12:11:44,304,Venta,Lautaro Moreno,Super Ana,Super Miga JyQ,,1,2500,985.7,0,2500
,2026-09-11 12:11:44,304,Venta,Lautaro Moreno,Super Ana,Super Miga JyQ,,1,2500,985.7,0,2500
,2026-09-11 12:11:44,304,Venta,Lautaro Moreno,Super Ana,Super Pebete Jyq,,1,2000,752.62,0,2000
,2026-09-11 12:11:44,304,Venta,Lautaro Moreno,Super Ana,Super Miga Salame,,1,2500,967.78,0,2500
,2026-09-11 12:11:44,304,Venta,Lautaro Moreno,Super Ana,Super Miga JyQ,,1,2500,985.7,0,2500
,2026-09-11 12:11:44,304,Venta,Lautaro Moreno,Super Ana,Milanesa,,1,4000,2990.913,0,4000
,2026-09-11 12:11:44,304,Venta,Lautaro Moreno,Super Ana,Super Miga Salame,,1,2500,967.78,0,2500
,2026-09-11 12:11:44,304,Venta,Lautaro Moreno,Super Ana,Super Pebete Salame,,1,2000,1102.58,0,2000
,2026-09-11 12:11:44,304,Venta,Lautaro Moreno,Super Ana,Super Miga JyQ,,1,2500,985.7,0,2500
,2026-09-11 12:11:44,304,Venta,Lautaro Moreno,Super Ana,Milanesa,,1,4000,2990.913,0,4000
,2026-09-11 12:11:44,304,Venta,Lautaro Moreno,Super Ana,Super Pebete Salame,,1,2000,1102.58,0,2000
,2026-09-11 10:17:10,277,Venta,Lautaro Moreno,Consumidor Final,Super Miga JyQ,,1,2500,985.7,0,2500
,2026-09-10 10:16:14,273,Venta,Lautaro Moreno,El tigre,Sandwich de Miga de Salame y Queso,MIG-02,1,2000,969.7794,888.89,1111.1100000000001
,2026-09-10 10:16:14,273,Venta,Lautaro Moreno,El tigre,Sandwich de Miga de Ternera y Queso,MIG-03,1,2500,1047.94,1111.11,1388.89
,2026-09-10 10:15:39,272,Venta,Lautaro Moreno,El Control,Sandwich de Miga de Jamón y Queso,MIG-01,1,2000,985.6994,0,2000
,2026-09-10 10:15:39,272,Venta,Lautaro Moreno,El Control,Milanesa,,1,4000,2990.913,0,4000
,2026-09-10 10:15:39,272,Venta,Lautaro Moreno,El Control,Milanesa,,1,4000,2990.913,0,4000
,2026-09-10 10:15:39,272,Venta,Lautaro Moreno,El Control,Sandwich de Miga de Jamón y Queso,MIG-01,1,2000,985.6994,0,2000
,2026-09-10 10:15:39,272,Venta,Lautaro Moreno,El Control,Milanesa,,1,4000,2990.913,0,4000
,2026-09-10 10:15:39,272,Venta,Lautaro Moreno,El Control,Sandwich de Miga de Salame y Queso,MIG-02,1,2000,969.7794,0,2000
,2026-09-10 10:15:39,272,Venta,Lautaro Moreno,El Control,Milanesa,,1,4000,2990.913,0,4000
,2026-09-10 10:15:39,272,Venta,Lautaro Moreno,El Control,Sandwich de Miga de Jamón y Queso,MIG-01,1,2000,985.6994,0,2000
,2026-09-10 10:15:39,272,Venta,Lautaro Moreno,El Control,Sandwich de Miga de Salame y Queso,MIG-02,1,2000,969.7794,0,2000
,2026-09-10 10:15:39,272,Venta,Lautaro Moreno,El Control,Milanesa,,1,4000,2990.913,0,4000
,2026-09-10 10:15:39,272,Venta,Lautaro Moreno,El Control,Sandwich de Miga de Salame y Queso,MIG-02,1,2000,969.7794,0,2000
,2026-09-10 10:15:39,272,Venta,Lautaro Moreno,El Control,Sandwich de Miga de Jamón y Queso,MIG-01,1,2000,985.6994,0,2000
,2026-09-10 10:15:39,272,Venta,Lautaro Moreno,El Control,Sandwich de Miga de Jamón y Queso,MIG-01,1,2000,985.6994,0,2000
,2026-09-10 10:14:46,271,Venta,Lautaro Moreno,Super Ana,Super Miga Salame,,1,2500,967.78,0,2500
,2026-09-10 10:14:46,271,Venta,Lautaro Moreno,Super Ana,Super Pebete Salame,,1,2000,1102.58,0,2000
,2026-09-10 10:14:46,271,Venta,Lautaro Moreno,Super Ana,Super Pebete Jyq,,1,2000,752.62,0,2000
,2026-09-10 10:14:46,271,Venta,Lautaro Moreno,Super Ana,Super Pebete Salame,,1,2000,1102.58,0,2000
,2026-09-10 10:14:46,271,Venta,Lautaro Moreno,Super Ana,Super Miga JyQ,,1,2500,985.7,0,2500
,2026-09-10 10:14:46,271,Venta,Lautaro Moreno,Super Ana,Super Miga JyQ,,1,2500,985.7,0,2500
,2026-09-10 10:14:46,271,Venta,Lautaro Moreno,Super Ana,Milanesa,,1,4000,2990.913,0,4000
,2026-09-10 10:14:46,271,Venta,Lautaro Moreno,Super Ana,Super Miga Salame,,1,2500,967.78,0,2500
,2026-09-10 10:14:46,271,Venta,Lautaro Moreno,Super Ana,Super Miga JyQ,,1,2500,985.7,0,2500
,2026-09-10 10:14:46,271,Venta,Lautaro Moreno,Super Ana,Super Miga JyQ,,1,2500,985.7,0,2500
,2026-09-10 10:14:46,271,Venta,Lautaro Moreno,Super Ana,Milanesa,,1,4000,2990.913,0,4000
,2026-09-10 10:14:46,271,Venta,Lautaro Moreno,Super Ana,Super Miga Salame,,1,2500,967.78,0,2500
,2026-09-10 10:14:46,271,Venta,Lautaro Moreno,Super Ana,Milanesa,,1,4000,2990.913,0,4000
,2026-09-10 10:14:46,271,Venta,Lautaro Moreno,Super Ana,Super Miga JyQ,,1,2500,985.7,0,2500
,2026-09-10 10:14:46,271,Venta,Lautaro Moreno,Super Ana,Super Pebete Salame,,1,2000,1102.58,0,2000
,2026-09-10 10:14:46,271,Venta,Lautaro Moreno,Super Ana,Super Miga JyQ,,1,2500,985.7,0,2500
,2026-09-10 10:14:46,271,Venta,Lautaro Moreno,Super Ana,Super Pebete Jyq,,1,2000,752.62,0,2000
,2026-09-10 10:14:46,271,Venta,Lautaro Moreno,Super Ana,Super Miga Salame,,1,2500,967.78,0,2500
,2026-09-10 10:14:46,271,Venta,Lautaro Moreno,Super Ana,Milanesa,,1,4000,2990.913,0,4000
,2026-09-10 10:14:46,271,Venta,Lautaro Moreno,Super Ana,Super Pebete Jyq,,1,2000,752.62,0,2000
,2026-09-10 10:14:46,271,Venta,Lautaro Moreno,Super Ana,Super Pebete Jyq,,1,2000,752.62,0,2000
,2026-09-10 10:14:46,271,Venta,Lautaro Moreno,Super Ana,Super Miga JyQ,,1,2500,985.7,0,2500
,2026-09-10 10:14:46,271,Venta,Lautaro Moreno,Super Ana,Super Miga JyQ,,1,2500,985.7,0,2500
,2026-09-10 10:14:46,271,Venta,Lautaro Moreno,Super Ana,Super Pebete Salame,,1,2000,1102.58,0,2000
,2026-09-09 09:50:02,260,Venta,Santiago Loyola Loyola Chiozzi,Maria Lopez,"Sandwich de Pebete de Ternera, Tomate y queso",PBT-03,2,3000,1169.14,0,6000
,2026-09-09 09:50:02,260,Venta,Santiago Loyola Loyola Chiozzi,Maria Lopez,Sandwich de pebete de Jamón y Queso,PBT-02,2,2000,752.62000000000012,0,4000
,2026-09-09 09:50:02,260,Venta,Santiago Loyola Loyola Chiozzi,Maria Lopez,Sandwich de Miga de Jamón y Queso,MIG-01,2,2000,985.6994,0,4000
,2026-09-09 09:50:02,260,Venta,Santiago Loyola Loyola Chiozzi,Maria Lopez,Sandwich de Pebete de Salame y Queso,PBT-01,2,2000,1102.58,0,4000
,2026-09-09 09:48:07,259,Venta,Santiago Loyola Loyola Chiozzi,Marisel Nano Electronica,Sandwich de Miga de Salame y Queso,MIG-02,2,2000,969.7794,0,4000
,2026-09-09 09:48:07,259,Venta,Santiago Loyola Loyola Chiozzi,Marisel Nano Electronica,Sandwich de Miga de Jamón y Queso,MIG-01,3,2000,985.6994,0,6000
,2026-09-09 09:47:06,258,Venta,Santiago Loyola Loyola Chiozzi,Eugenia,Sandwich de Pebete de Salame y Queso,PBT-01,4,2000,1102.58,0,8000
,2026-09-09 09:47:06,258,Venta,Santiago Loyola Loyola Chiozzi,Eugenia,Sandwich de Miga de Jamón y Queso,MIG-01,2,2000,985.6994,0,4000
,2026-09-09 09:47:06,258,Venta,Santiago Loyola Loyola Chiozzi,Eugenia,Sandwich de Miga de Ternera y Queso,MIG-03,1,2500,1047.94,0,2500
,2026-09-09 09:47:06,258,Venta,Santiago Loyola Loyola Chiozzi,Eugenia,Sandwich de Miga de Salame y Queso,MIG-02,4,2000,969.7794,0,8000
,2026-09-09 09:45:52,257,Venta,Santiago Loyola Loyola Chiozzi,Super Ana,Super Miga JyQ,,2,2500,985.7,0,5000
,2026-09-09 09:45:52,257,Venta,Santiago Loyola Loyola Chiozzi,Super Ana,Sandwich de Pebete de Salame y Queso,PBT-01,3,2000,1102.58,0,6000
,2026-09-09 09:45:52,257,Venta,Santiago Loyola Loyola Chiozzi,Super Ana,Sandwich de pebete de Jamón y Queso,PBT-02,3,2000,752.62000000000012,0,6000
,2026-09-09 09:45:52,257,Venta,Santiago Loyola Loyola Chiozzi,Super Ana,Super Miga Salame,,4,2500,967.78,0,10000
,2026-09-08 09:30:17,252,Venta,Lautaro Moreno,Consumidor Final,Milanesa,,1,4000,2990.913,0,4000
,2026-09-08 09:04:49,251,Venta,Santiago Loyola Loyola Chiozzi,Super Ana,Milanesa,,4,4000,2990.913,0,16000
,2026-09-08 09:04:49,251,Venta,Santiago Loyola Loyola Chiozzi,Super Ana,Sandwich de Pebete de Salame y Queso,PBT-01,2,2000,1102.58,0,4000
,2026-09-08 09:04:49,251,Venta,Santiago Loyola Loyola Chiozzi,Super Ana,Super Miga JyQ,,10,2500,985.7,0,25000
,2026-09-08 09:04:49,251,Venta,Santiago Loyola Loyola Chiozzi,Super Ana,Super Miga Salame,,4,2500,967.78,0,10000
,2026-09-08 09:04:49,251,Venta,Santiago Loyola Loyola Chiozzi,Super Ana,Sandwich de pebete de Jamón y Queso,PBT-02,3,2000,752.62000000000012,0,6000
,2026-09-08 09:00:26,250,Venta,Santiago Loyola Loyola Chiozzi,El tigre,Sandwich de Pebete de Salame y Queso,PBT-01,2,2000,1102.58,0,4000
,2026-09-08 09:00:26,250,Venta,Santiago Loyola Loyola Chiozzi,El tigre,Sandwich de Miga de Salame y Queso,MIG-02,2,2000,969.7794,0,4000
,2026-09-08 09:00:26,250,Venta,Santiago Loyola Loyola Chiozzi,El tigre,Sandwich de pebete de Jamón y Queso,PBT-02,1,2000,752.62000000000012,0,2000
,2026-09-08 09:00:26,250,Venta,Santiago Loyola Loyola Chiozzi,El tigre,Sandwich de Miga de Ternera y Queso,MIG-03,2,2500,1047.94,0,5000
,2026-09-08 09:00:26,250,Venta,Santiago Loyola Loyola Chiozzi,El tigre,Sandwich de Miga de Jamón y Queso,MIG-01,2,2000,985.6994,0,4000
,2026-09-08 09:00:26,250,Venta,Santiago Loyola Loyola Chiozzi,El tigre,"Sandwich de Pebete de Ternera, Tomate y queso",PBT-03,2,3000,1169.14,0,6000
,2026-09-08 08:56:51,249,Venta,Santiago Loyola Loyola Chiozzi,El Control,Milanesa,,5,4000,2990.913,0,20000
,2026-09-08 08:56:51,249,Venta,Santiago Loyola Loyola Chiozzi,El Control,Sandwich de Miga de Jamón y Queso,MIG-01,5,2000,985.6994,0,10000
,2026-09-08 08:56:51,249,Venta,Santiago Loyola Loyola Chiozzi,El Control,Sandwich de Miga de Salame y Queso,MIG-02,3,2000,969.7794,0,6000
,2026-09-08 08:55:39,248,Venta,Santiago Loyola Loyola Chiozzi,Marta Alarcon Polleria Alita,Sandwich de pebete de Jamón y Queso,PBT-02,2,2000,752.62000000000012,0,4000
,2026-09-08 08:55:39,248,Venta,Santiago Loyola Loyola Chiozzi,Marta Alarcon Polleria Alita,Sandwich de Miga de Jamón y Queso,MIG-01,6,2000,985.6994,0,12000
,2026-09-08 08:55:39,248,Venta,Santiago Loyola Loyola Chiozzi,Marta Alarcon Polleria Alita,Sandwich de Pebete de Salame y Queso,PBT-01,2,2000,1102.58,0,4000
,2026-09-08 08:55:39,248,Venta,Santiago Loyola Loyola Chiozzi,Marta Alarcon Polleria Alita,"Sandwich de Pebete de Ternera, Tomate y queso",PBT-03,1,3000,1169.14,0,3000
,2026-09-08 08:55:39,248,Venta,Santiago Loyola Loyola Chiozzi,Marta Alarcon Polleria Alita,Milanesa,,2,4000,2990.913,0,8000
,2026-09-08 08:53:43,247,Venta,Santiago Loyola Loyola Chiozzi,"Isamara ""La Paz""",Sandwich de Miga de Ternera y Queso,MIG-03,2,2500,1047.94,0,5000
,2026-09-08 08:53:43,247,Venta,Santiago Loyola Loyola Chiozzi,"Isamara ""La Paz""",Sandwich de Miga de Jamón y Queso,MIG-01,2,2000,985.6994,0,4000
,2026-09-08 08:53:43,247,Venta,Santiago Loyola Loyola Chiozzi,"Isamara ""La Paz""",Sandwich de Miga de Salame y Queso,MIG-02,1,2000,969.7794,0,2000
,2026-09-07 09:46:25,239,Venta,Santiago Loyola Loyola Chiozzi,Maria Lopez,Sandwich de Miga de Jamón y Queso,MIG-01,1,2000,985.6994,21.05,1978.95
,2026-09-07 09:46:25,239,Venta,Santiago Loyola Loyola Chiozzi,Maria Lopez,Sandwich de pebete de Jamón y Queso,PBT-02,1,2000,752.62000000000012,21.05,1978.95
,2026-09-07 09:46:25,239,Venta,Santiago Loyola Loyola Chiozzi,Maria Lopez,Sandwich de Miga de Ternera y Queso,MIG-03,1,2500,1047.94,26.32,2473.68
,2026-09-07 09:46:25,239,Venta,Santiago Loyola Loyola Chiozzi,Maria Lopez,Sandwich de Miga de Ternera y Queso,MIG-03,1,2500,1047.94,26.32,2473.68
,2026-09-07 09:46:25,239,Venta,Santiago Loyola Loyola Chiozzi,Maria Lopez,Sandwich de pebete de Jamón y Queso,PBT-02,1,2000,752.62000000000012,21.05,1978.95
,2026-09-07 09:46:25,239,Venta,Santiago Loyola Loyola Chiozzi,Maria Lopez,"Sandwich de Pebete de Ternera, Tomate y queso",PBT-03,1,3000,1169.14,31.58,2968.42
,2026-09-07 09:46:25,239,Venta,Santiago Loyola Loyola Chiozzi,Maria Lopez,Sandwich de Miga de Jamón y Queso,MIG-01,1,2000,985.6994,21.05,1978.95
,2026-09-07 09:46:25,239,Venta,Santiago Loyola Loyola Chiozzi,Maria Lopez,"Sandwich de Pebete de Ternera, Tomate y queso",PBT-03,1,3000,1169.14,31.58,2968.42
,2026-09-07 09:45:16,238,Venta,Santiago Loyola Loyola Chiozzi,Marisel Nano Electronica,Sandwich de Miga de Salame y Queso,MIG-02,1,2000,969.7794,0,2000
,2026-09-07 09:45:16,238,Venta,Santiago Loyola Loyola Chiozzi,Marisel Nano Electronica,Sandwich de Miga de Jamón y Queso,MIG-01,1,2000,985.6994,0,2000
,2026-09-07 09:45:16,238,Venta,Santiago Loyola Loyola Chiozzi,Marisel Nano Electronica,Sandwich de Miga de Jamón y Queso,MIG-01,1,2000,985.6994,0,2000
,2026-09-07 09:45:16,238,Venta,Santiago Loyola Loyola Chiozzi,Marisel Nano Electronica,Sandwich de Miga de Jamón y Queso,MIG-01,1,2000,985.6994,0,2000
,2026-09-07 09:44:56,237,Venta,Santiago Loyola Loyola Chiozzi,Eugenia,Sandwich de Miga de Salame y Queso,MIG-02,1,2000,969.7794,0,2000
,2026-09-07 09:44:56,237,Venta,Santiago Loyola Loyola Chiozzi,Eugenia,Sandwich de Miga de Salame y Queso,MIG-02,1,2000,969.7794,0,2000
,2026-09-07 09:44:56,237,Venta,Santiago Loyola Loyola Chiozzi,Eugenia,Sandwich de Pebete de Salame y Queso,PBT-01,1,2000,1102.58,0,2000
,2026-09-07 09:44:56,237,Venta,Santiago Loyola Loyola Chiozzi,Eugenia,Sandwich de Pebete de Salame y Queso,PBT-01,1,2000,1102.58,0,2000
,2026-09-07 09:44:56,237,Venta,Santiago Loyola Loyola Chiozzi,Eugenia,Sandwich de Pebete de Salame y Queso,PBT-01,1,2000,1102.58,0,2000
,2026-09-07 09:44:56,237,Venta,Santiago Loyola Loyola Chiozzi,Eugenia,Sandwich de Pebete de Salame y Queso,PBT-01,1,2000,1102.58,0,2000
,2026-09-07 09:44:56,237,Venta,Santiago Loyola Loyola Chiozzi,Eugenia,Sandwich de Miga de Salame y Queso,MIG-02,1,2000,969.7794,0,2000
,2026-09-07 09:43:11,236,Venta,Santiago Loyola Loyola Chiozzi,Super Ana,Super Miga JyQ,,1,2500,985.7,0,2500
,2026-09-07 09:43:11,236,Venta,Santiago Loyola Loyola Chiozzi,Super Ana,Super Miga Salame,,1,2500,967.78,0,2500
,2026-09-07 09:43:11,236,Venta,Santiago Loyola Loyola Chiozzi,Super Ana,Super Miga Salame,,1,2500,967.78,0,2500
,2026-09-07 09:43:11,236,Venta,Santiago Loyola Loyola Chiozzi,Super Ana,Super Miga JyQ,,1,2500,985.7,0,2500
,2026-09-07 09:43:11,236,Venta,Santiago Loyola Loyola Chiozzi,Super Ana,Sandwich de pebete de Jamón y Queso,PBT-02,1,2000,752.62000000000012,0,2000
,2026-09-07 09:43:11,236,Venta,Santiago Loyola Loyola Chiozzi,Super Ana,Super Miga JyQ,,1,2500,985.7,0,2500
,2026-09-07 09:43:11,236,Venta,Santiago Loyola Loyola Chiozzi,Super Ana,Super Miga JyQ,,1,2500,985.7,0,2500
,2026-09-07 09:43:11,236,Venta,Santiago Loyola Loyola Chiozzi,Super Ana,Sandwich de Pebete de Salame y Queso,PBT-01,1,2000,1102.58,0,2000
,2026-09-07 09:43:11,236,Venta,Santiago Loyola Loyola Chiozzi,Super Ana,Super Miga JyQ,,1,2500,985.7,0,2500
,2026-09-07 09:43:11,236,Venta,Santiago Loyola Loyola Chiozzi,Super Ana,Sandwich de Pebete de Salame y Queso,PBT-01,1,2000,1102.58,0,2000
,2026-09-07 09:43:11,236,Venta,Santiago Loyola Loyola Chiozzi,Super Ana,Super Miga JyQ,,1,2500,985.7,0,2500
,2026-09-07 09:43:11,236,Venta,Santiago Loyola Loyola Chiozzi,Super Ana,Super Miga JyQ,,1,2500,985.7,0,2500
,2026-09-07 09:43:11,236,Venta,Santiago Loyola Loyola Chiozzi,Super Ana,Super Miga Salame,,1,2500,967.78,0,2500
,2026-09-07 09:43:11,236,Venta,Santiago Loyola Loyola Chiozzi,Super Ana,Super Miga JyQ,,1,2500,985.7,0,2500
,2026-09-07 09:43:11,236,Venta,Santiago Loyola Loyola Chiozzi,Super Ana,Super Miga Salame,,1,2500,967.78,0,2500
,2026-09-07 09:43:11,236,Venta,Santiago Loyola Loyola Chiozzi,Super Ana,Super Miga JyQ,,1,2500,985.7,0,2500
,2026-09-07 09:43:11,236,Venta,Santiago Loyola Loyola Chiozzi,Super Ana,Milanesa,,1,4000,2990.913,0,4000
,2026-09-07 09:43:11,236,Venta,Santiago Loyola Loyola Chiozzi,Super Ana,Milanesa,,1,4000,2990.913,0,4000
,2026-09-07 09:43:11,236,Venta,Santiago Loyola Loyola Chiozzi,Super Ana,Milanesa,,1,4000,2990.913,0,4000
,2026-09-07 09:43:11,236,Venta,Santiago Loyola Loyola Chiozzi,Super Ana,Sandwich de Pebete de Salame y Queso,PBT-01,1,2000,1102.58,0,2000
,2026-09-07 09:43:11,236,Venta,Santiago Loyola Loyola Chiozzi,Super Ana,Milanesa,,1,4000,2990.913,0,4000
,2026-09-07 09:43:11,236,Venta,Santiago Loyola Loyola Chiozzi,Super Ana,Super Miga JyQ,,1,2500,985.7,0,2500
,2026-09-05 09:36:02,227,Venta,Santiago Loyola Loyola Chiozzi,"Isamara ""La Paz""",Sandwich de Miga de Ternera y Queso,MIG-03,1,2500,1047.94,0,2500
,2026-09-05 09:36:02,227,Venta,Santiago Loyola Loyola Chiozzi,"Isamara ""La Paz""",Sandwich de Miga de Salame y Queso,MIG-02,2,2000,969.7794,0,4000
,2026-09-05 09:36:02,227,Venta,Santiago Loyola Loyola Chiozzi,"Isamara ""La Paz""",Sandwich de Miga de Jamón y Queso,MIG-01,5,2000,985.6994,0,10000
,2026-09-05 09:35:24,226,Venta,Santiago Loyola Loyola Chiozzi,El tigre,Sandwich de pebete de Jamón y Queso,PBT-02,2,2000,752.62000000000012,0,4000
,2026-09-05 09:35:24,226,Venta,Santiago Loyola Loyola Chiozzi,El tigre,Sandwich de Miga de Jamón y Queso,MIG-01,1,2000,985.6994,0,2000
,2026-09-05 09:35:24,226,Venta,Santiago Loyola Loyola Chiozzi,El tigre,"Sandwich de Pebete de Ternera, Tomate y queso",PBT-03,2,3000,1169.14,0,6000
,2026-09-05 09:35:24,226,Venta,Santiago Loyola Loyola Chiozzi,El tigre,Sandwich de Miga de Salame y Queso,MIG-02,3,2000,969.7794,0,6000
,2026-09-05 09:35:24,226,Venta,Santiago Loyola Loyola Chiozzi,El tigre,Sandwich de Miga de Ternera y Queso,MIG-03,2,2500,1047.94,0,5000
,2026-09-05 09:35:24,226,Venta,Santiago Loyola Loyola Chiozzi,El tigre,Sandwich de Pebete de Salame y Queso,PBT-01,2,2000,1102.58,0,4000
,2026-09-05 09:34:30,225,Venta,Santiago Loyola Loyola Chiozzi,Marta Alarcon Polleria Alita,"Sandwich de Pebete de Ternera, Tomate y queso",PBT-03,2,3000,1169.14,0,6000
,2026-09-05 09:34:30,225,Venta,Santiago Loyola Loyola Chiozzi,Marta Alarcon Polleria Alita,Sandwich de Miga de Jamón y Queso,MIG-01,6,2000,985.6994,0,12000
,2026-09-05 09:34:30,225,Venta,Santiago Loyola Loyola Chiozzi,Marta Alarcon Polleria Alita,Sandwich de pebete de Jamón y Queso,PBT-02,2,2000,752.62000000000012,0,4000
,2026-09-05 09:34:30,225,Venta,Santiago Loyola Loyola Chiozzi,Marta Alarcon Polleria Alita,Milanesa,,2,4000,2990.913,0,8000
,2026-09-05 09:34:30,225,Venta,Santiago Loyola Loyola Chiozzi,Marta Alarcon Polleria Alita,Sandwich de Pebete de Salame y Queso,PBT-01,2,2000,1102.58,0,4000
,2026-09-05 09:33:16,224,Venta,Santiago Loyola Loyola Chiozzi,Super Ana,Super Miga Salame,,2,2500,967.78,0,5000
,2026-09-05 09:33:16,224,Venta,Santiago Loyola Loyola Chiozzi,Super Ana,Super Miga JyQ,,10,2500,985.7,0,25000
,2026-09-05 09:33:16,224,Venta,Santiago Loyola Loyola Chiozzi,Super Ana,Milanesa,,4,4000,2990.913,0,16000
,2026-09-05 09:33:16,224,Venta,Santiago Loyola Loyola Chiozzi,Super Ana,Sandwich de Pebete de Salame y Queso,PBT-01,3,2000,1102.58,0,6000
,2026-09-05 09:33:16,224,Venta,Santiago Loyola Loyola Chiozzi,Super Ana,Sandwich de pebete de Jamón y Queso,PBT-02,1,2000,752.62000000000012,0,2000
,2026-09-04 09:44:01,218,Venta,Santiago Loyola Loyola Chiozzi,Eugenia,Sandwich de Miga de Ternera y Queso,MIG-03,2,2500,1047.94,0,5000
,2026-09-04 09:44:01,218,Venta,Santiago Loyola Loyola Chiozzi,Eugenia,Sandwich de Miga de Salame y Queso,MIG-02,2,2000,969.7794,0,4000
,2026-09-04 09:44:01,218,Venta,Santiago Loyola Loyola Chiozzi,Eugenia,Sandwich de Miga de Jamón y Queso,MIG-01,4,2000,985.6994,0,8000
,2026-09-04 09:44:01,218,Venta,Santiago Loyola Loyola Chiozzi,Eugenia,Sandwich de pebete de Jamón y Queso,PBT-02,2,2000,752.62000000000012,0,4000
,2026-09-04 09:44:01,218,Venta,Santiago Loyola Loyola Chiozzi,Eugenia,Sandwich de Pebete de Salame y Queso,PBT-01,2,2000,1102.58,0,4000
,2026-09-04 09:43:09,217,Venta,Santiago Loyola Loyola Chiozzi,Super Ana,Sandwich de pebete de Jamón y Queso,PBT-02,2,2000,752.62000000000012,0,4000
,2026-09-04 09:43:09,217,Venta,Santiago Loyola Loyola Chiozzi,Super Ana,Sandwich de Pebete de Salame y Queso,PBT-01,4,2000,1102.58,0,8000
,2026-09-04 09:43:09,217,Venta,Santiago Loyola Loyola Chiozzi,Super Ana,Milanesa,,4,4000,2990.913,0,16000
,2026-09-04 09:43:09,217,Venta,Santiago Loyola Loyola Chiozzi,Super Ana,Super Miga JyQ,,10,2500,985.7,0,25000
,2026-09-04 09:43:09,217,Venta,Santiago Loyola Loyola Chiozzi,Super Ana,Super Miga Salame,,4,2500,967.78,0,10000
,2026-09-04 08:21:55,215,Venta,Santiago Loyola Loyola Chiozzi,Marisel Nano Electronica,Sandwich de Miga de Jamón y Queso,MIG-01,3,2000,985.6994,0,6000
,2026-09-04 08:21:55,215,Venta,Santiago Loyola Loyola Chiozzi,Marisel Nano Electronica,Sandwich de Miga de Salame y Queso,MIG-02,3,2000,969.7794,0,6000
,2026-09-03 09:53:44,210,Venta,Santiago Loyola Loyola Chiozzi,"Isamara ""La Paz""",Sandwich de Miga de Ternera y Queso,MIG-03,2,2500,1047.94,0,5000
,2026-09-03 09:53:44,210,Venta,Santiago Loyola Loyola Chiozzi,"Isamara ""La Paz""",Sandwich de Miga de Jamón y Queso,MIG-01,5,2000,985.6994,0,10000
,2026-09-03 09:53:13,209,Venta,Santiago Loyola Loyola Chiozzi,El tigre,Sandwich de Miga de Ternera y Queso,MIG-03,3,2500,1047.94,0,7500
,2026-09-03 09:53:13,209,Venta,Santiago Loyola Loyola Chiozzi,El tigre,"Sandwich de Pebete de Ternera, Tomate y queso",PBT-03,2,3000,1169.14,0,6000
,2026-09-03 09:53:13,209,Venta,Santiago Loyola Loyola Chiozzi,El tigre,Sandwich de Miga de Jamón y Queso,MIG-01,6,2000,985.6994,0,12000
,2026-09-03 09:51:38,208,Venta,Santiago Loyola Loyola Chiozzi,El Control,Sandwich de Miga de Jamón y Queso,MIG-01,5,2000,985.6994,0,10000
,2026-09-03 09:51:38,208,Venta,Santiago Loyola Loyola Chiozzi,El Control,Sandwich de Miga de Salame y Queso,MIG-02,3,2000,969.7794,0,6000
,2026-09-03 09:51:25,207,Venta,Santiago Loyola Loyola Chiozzi,Consumidor Final,Sandwich de Miga de Ternera y Queso,MIG-03,1,2500,1047.94,0,2500
,2026-09-03 09:50:46,206,Venta,Santiago Loyola Loyola Chiozzi,Super Ana,Super Pebete Salame,,4,2000,1102.58,0,8000
,2026-09-03 09:50:46,206,Venta,Santiago Loyola Loyola Chiozzi,Super Ana,Super Pebete Jyq,,4,2000,752.62,0,8000
,2026-09-03 09:50:46,206,Venta,Santiago Loyola Loyola Chiozzi,Super Ana,Milanesa,,4,4000,2990.913,0,16000
,2026-09-03 09:50:46,206,Venta,Santiago Loyola Loyola Chiozzi,Super Ana,Super Miga JyQ,,8,2500,985.7,0,20000
,2026-09-03 09:50:46,206,Venta,Santiago Loyola Loyola Chiozzi,Super Ana,Super Miga Salame,,4,2500,967.78,0,10000
,2026-09-02 06:35:28,213,Venta,Lautaro Moreno,Super Ana,Super Pebete Salame,,1,2000,1102.58,0,2000
,2026-09-02 06:35:28,213,Venta,Lautaro Moreno,Super Ana,Super Miga JyQ,,1,2500,985.7,0,2500
,2026-09-02 06:35:28,213,Venta,Lautaro Moreno,Super Ana,Milanesa,,1,4000,2990.913,0,4000
,2026-09-02 06:35:28,213,Venta,Lautaro Moreno,Super Ana,Super Miga JyQ,,1,2500,985.7,0,2500
,2026-09-02 06:35:28,213,Venta,Lautaro Moreno,Super Ana,Super Miga JyQ,,1,2500,985.7,0,2500
,2026-09-02 06:35:28,213,Venta,Lautaro Moreno,Super Ana,Super Pebete Salame,,1,2000,1102.58,0,2000
,2026-09-02 06:35:28,213,Venta,Lautaro Moreno,Super Ana,Super Pebete Jyq,,1,2000,752.62,0,2000
,2026-09-02 06:35:28,213,Venta,Lautaro Moreno,Super Ana,Super Miga JyQ,,1,2500,985.7,0,2500
,2026-09-02 06:35:28,213,Venta,Lautaro Moreno,Super Ana,Super Miga JyQ,,1,2500,985.7,0,2500
,2026-09-02 06:35:28,213,Venta,Lautaro Moreno,Super Ana,Super Miga JyQ,,1,2500,985.7,0,2500
,2026-09-02 06:35:28,213,Venta,Lautaro Moreno,Super Ana,Milanesa,,1,4000,2990.913,0,4000
,2026-09-02 06:35:28,213,Venta,Lautaro Moreno,Super Ana,Super Miga Salame,,1,2500,967.78,0,2500
,2026-09-02 06:35:28,213,Venta,Lautaro Moreno,Super Ana,Super Miga Salame,,1,2500,967.78,0,2500
,2026-09-02 06:35:28,213,Venta,Lautaro Moreno,Super Ana,Super Miga Salame,,1,2500,967.78,0,2500
,2026-09-02 06:35:28,213,Venta,Lautaro Moreno,Super Ana,Milanesa,,1,4000,2990.913,0,4000
,2026-09-02 06:35:28,213,Venta,Lautaro Moreno,Super Ana,Milanesa,,1,4000,2990.913,0,4000
,2026-09-02 06:35:28,213,Venta,Lautaro Moreno,Super Ana,Super Pebete Jyq,,1,2000,752.62,0,2000
,2026-09-02 06:35:28,213,Venta,Lautaro Moreno,Super Ana,Super Miga JyQ,,1,2500,985.7,0,2500
,2026-09-02 06:35:28,213,Venta,Lautaro Moreno,Super Ana,Super Pebete Salame,,1,2000,1102.58,0,2000
,2026-09-02 06:35:28,213,Venta,Lautaro Moreno,Super Ana,Super Miga JyQ,,1,2500,985.7,0,2500
,2026-09-02 06:35:28,213,Venta,Lautaro Moreno,Super Ana,Super Miga Salame,,1,2500,967.78,0,2500
,2026-09-02 06:35:28,213,Venta,Lautaro Moreno,Super Ana,Super Pebete Jyq,,1,2000,752.62,0,2000
,2026-09-01 22:00:00,220,Venta,Santiago Loyola Loyola Chiozzi,Eugenia,Sandwich de Miga de Salame y Queso,MIG-02,1,2000,969.7794,0,2000
,2026-09-01 22:00:00,220,Venta,Santiago Loyola Loyola Chiozzi,Eugenia,Sandwich de Miga de Jamón y Queso,MIG-01,1,2000,985.6994,0,2000
,2026-09-01 08:47:31,195,Venta,Santiago Loyola Loyola Chiozzi,"Isamara ""La Paz""",Sandwich de Miga de Ternera y Queso,MIG-03,1,2500,1047.94,0,2500
,2026-09-01 08:47:31,195,Venta,Santiago Loyola Loyola Chiozzi,"Isamara ""La Paz""",Sandwich de Miga de Jamón y Queso,MIG-01,3,2000,985.6994,0,6000
,2026-09-01 08:46:20,194,Venta,Santiago Loyola Loyola Chiozzi,Marta Alarcon Polleria Alita,Sandwich de Miga de Jamón y Queso,MIG-01,6,2000,985.6994,0,12000
,2026-09-01 08:46:20,194,Venta,Santiago Loyola Loyola Chiozzi,Marta Alarcon Polleria Alita,Sandwich de Pebete de Salame y Queso,PBT-01,2,2000,1102.58,0,4000
,2026-09-01 08:46:20,194,Venta,Santiago Loyola Loyola Chiozzi,Marta Alarcon Polleria Alita,"Sandwich de Pebete de Ternera, Tomate y queso",PBT-03,2,3000,1169.14,0,6000
,2026-09-01 08:46:20,194,Venta,Santiago Loyola Loyola Chiozzi,Marta Alarcon Polleria Alita,Milanesa,,2,4000,2990.913,0,8000
,2026-09-01 08:46:20,194,Venta,Santiago Loyola Loyola Chiozzi,Marta Alarcon Polleria Alita,Sandwich de pebete de Jamón y Queso,PBT-02,1,2000,752.62000000000012,0,2000
,2026-09-01 08:44:19,193,Venta,Santiago Loyola Loyola Chiozzi,El tigre,Sandwich de Miga de Jamón y Queso,MIG-01,2,2000,985.6994,0,4000
,2026-09-01 08:44:19,193,Venta,Santiago Loyola Loyola Chiozzi,El tigre,Sandwich de Pebete de Salame y Queso,PBT-01,1,2000,1102.58,0,2000
,2026-09-01 08:44:19,193,Venta,Santiago Loyola Loyola Chiozzi,El tigre,Sandwich de pebete de Jamón y Queso,PBT-02,1,2000,752.62000000000012,0,2000
,2026-09-01 08:44:19,193,Venta,Santiago Loyola Loyola Chiozzi,El tigre,"Sandwich de Pebete de Ternera, Tomate y queso",PBT-03,1,3000,1169.14,0,3000
,2026-09-01 08:44:19,193,Venta,Santiago Loyola Loyola Chiozzi,El tigre,Sandwich de Miga de Ternera y Queso,MIG-03,1,2500,1047.94,0,2500
,2026-09-01 08:40:21,192,Venta,Santiago Loyola Loyola Chiozzi,El Control,Sandwich de Miga de Jamón y Queso,MIG-01,5,2000,985.6994,0,10000
,2026-09-01 08:40:21,192,Venta,Santiago Loyola Loyola Chiozzi,El Control,Milanesa,,5,4000,2990.913,0,20000
,2026-09-01 08:40:21,192,Venta,Santiago Loyola Loyola Chiozzi,El Control,Sandwich de Miga de Salame y Queso,MIG-02,1,2000,969.7794,0,2000
,2026-09-01 08:37:45,191,Venta,Santiago Loyola Loyola Chiozzi,Super Ana,Super Pebete Salame,,4,2000,1102.58,0,8000
,2026-09-01 08:37:45,191,Venta,Santiago Loyola Loyola Chiozzi,Super Ana,Super Miga Salame,,4,2500,967.78,0,10000
,2026-09-01 08:37:45,191,Venta,Santiago Loyola Loyola Chiozzi,Super Ana,Milanesa,,1,4000,2990.913,0,4000
,2026-09-01 08:37:45,191,Venta,Santiago Loyola Loyola Chiozzi,Super Ana,Super Miga JyQ,,10,2500,985.7,0,25000
