,Buen Bocado ,,,,,,,,,,
,,,,,,,,,Utilidad total,,43818.319999999832
,Teléfono:,,3875537668,,,,,,Ingresos,,767050
,Fecha:,,31/08/2026 - 30/09/2026,,,,,,Gastos,,3552281.68
,Número de transacciones:,,269,,,,,,Abonos ventas,,2829050
,Generado:,,01-octubre-2026,,,,,,Abonos gastos,,0
,,,,,,,,,,,
,Fecha,Consecutivo,Tipo,Vendedor,Descripción,Categoría de gasto,Contacto,Estado,M. de pago,Descuento,Valor
,2026-09-01 06:10:55,191,Abonos ventas,Santiago Loyola Loyola Chiozzi,"100% Abono global 02 sep 2026 - 4 Super Pebete Salame, 4 Super Miga Salame, 1 Milanesa, 10 Super Miga JyQ",No Aplica,Super Ana,Pagada,Efectivo,0,47000
,2026-09-01 06:34:41,149,Abonos ventas,Santiago Loyola Loyola Chiozzi,"6% Abono global 01 sep 2026 - 4 Milanesa, 10 Sandwich de Miga de Jamón y Queso, 4 Sandwich de Miga de Salame y Queso, 3 Sandwich de pebete de Jamón y Queso, 7 Sandwich de Pebete de Salame y Queso",No Aplica,Super Ana,Pagada,Mercado Pago,0,4000
,2026-09-01 06:34:41,160,Abonos ventas,Santiago Loyola Loyola Chiozzi,"100% Abono global 01 sep 2026 - 3 Milanesa, 10 Sandwich de Miga de Jamón y Queso, 4 Sandwich de Miga de Salame y Queso, 3 Sandwich de pebete de Jamón y Queso, 7 Sandwich de Pebete de Salame y Queso",No Aplica,Super Ana,Pagada,Mercado Pago,0,67000
,2026-09-01 06:34:41,166,Abonos ventas,Santiago Loyola Loyola Chiozzi,"100% Abono global 01 sep 2026 - 4 Milanesa, 3 Sandwich de pebete de Jamón y Queso, 6 Sandwich de Pebete de Salame y Queso, 10 Sandwich de Miga de Jamón y Queso, 4 Sandwich de Miga de Salame y Queso",No Aplica,Super Ana,Pagada,Mercado Pago,0,62000
,2026-09-01 06:34:41,171,Abonos ventas,Santiago Loyola Loyola Chiozzi,"54% Abono global 01 sep 2026 - 4 Milanesa, 10 Super Miga JyQ, 4 Super Miga Salame, 4 Super Pebete Jyq, 6 Super Pebete Salame",No Aplica,Super Ana,Pagada,Mercado Pago,0,38000
,2026-09-01 06:42:53,187,Gasto,Lautaro Moreno,fati,Compra de productos e insumos, - ,Pagada,Mercado Pago,0,9810
,2026-09-01 07:03:39,199,Venta,Lautaro Moreno,Venta 2926090338,No Aplica,Marta Alarcon Polleria Alita,Pagada,Mercado Pago,0,28000
,2026-09-01 07:22:14,190,Gasto,Lautaro Moreno,uber,"Transporte, domicilios y logística", - ,Pagada,Efectivo,0,2900
,2026-09-01 07:42:04,132,Abonos ventas,Santiago Loyola Loyola Chiozzi,"100% Abono 1788266523 - 2 Milanesa, 4 Sandwich de Miga de Jamón y Queso, 1 Sandwich de pebete de Jamón y Queso, 1 Sandwich de Pebete de Ternera, Tomate y queso",No Aplica,Marta Alarcon Polleria Alita,Pagada,Transferencia Bancaria,0,21000
,2026-09-01 07:42:04,167,Abonos ventas,Santiago Loyola Loyola Chiozzi,"5% Abono 1788266523 - 2 Milanesa, 6 Sandwich de Miga de Jamón y Queso, 2 Sandwich de pebete de Jamón y Queso, 2 Sandwich de Pebete de Salame y Queso",No Aplica,Marta Alarcon Polleria Alita,Pagada,Transferencia Bancaria,0,1400
,2026-09-01 08:35:30,167,Abonos ventas,Santiago Loyola Loyola Chiozzi,"95% Abono 1788269728 - 2 Milanesa, 6 Sandwich de Miga de Jamón y Queso, 2 Sandwich de pebete de Jamón y Queso, 2 Sandwich de Pebete de Salame y Queso",No Aplica,Marta Alarcon Polleria Alita,Pagada,Mercado Pago,0,26600
,2026-09-01 08:39:29,168,Abonos ventas,Santiago Loyola Loyola Chiozzi,"100% Abono 1788269968 - 5 Milanesa, 5 Sandwich de Miga de Jamón y Queso, 1 Sandwich de Miga de Salame y Queso",No Aplica,El Control,Pagada,Efectivo,0,32000
,2026-09-01 08:45:52,193,Abonos ventas,Santiago Loyola Loyola Chiozzi,"100% Abono 1788270351 - 2 Sandwich de Miga de Jamón y Queso, 1 Sandwich de pebete de Jamón y Queso, 1 Sandwich de Pebete de Salame y Queso, 1 Sandwich de Pebete de Ternera, Tomate y queso, 1 Sandwich de Miga de Ternera y Queso",No Aplica,El tigre,Pagada,Efectivo,0,13500
,2026-09-01 09:25:06,171,Abonos ventas,Santiago Loyola Loyola Chiozzi,"46% Abono global 01 sep 2026 - 4 Milanesa, 10 Super Miga JyQ, 4 Super Miga Salame, 4 Super Pebete Jyq, 6 Super Pebete Salame",No Aplica,Super Ana,Pagada,Otro,0,33000
,2026-09-01 10:19:58,196,Gasto,Lautaro Moreno,pan,Compra de productos e insumos, - ,Pagada,Mercado Pago,0,20940
,2026-09-01 10:20:16,197,Gasto,Lautaro Moreno,Gasto 1926152016,Compra de productos e insumos, - ,Pagada,Efectivo,0,38000
,2026-09-02 06:35:28,213,Venta,Lautaro Moreno,"4 Super Miga Salame, 8 Super Miga JyQ, 3 Super Pebete Salame, 3 Super Pebete Jyq, 4 Milanesa",No Aplica,Super Ana,Pagada,Efectivo,0,58000
,2026-09-02 07:20:53,205,Venta,Santiago Loyola Loyola Chiozzi,Venta 3926092052,No Aplica,Consumidor Final,Pagada,Mercado Pago,0,2000
,2026-09-02 10:12:08,178,Abonos ventas,Santiago Loyola Loyola Chiozzi,"100% Abono global 02 sep 2026 - 2 Sandwich de Miga de Salame y Queso, 2 Sandwich de Pebete de Salame y Queso",No Aplica,Eugenia,Pagada,Efectivo,0,8000
,2026-09-02 10:15:08,200,Venta,Lautaro Moreno,Venta 2926121507,No Aplica,Consumidor Final,Pagada,Efectivo,0,10000
,2026-09-02 10:34:06,201,Gasto,Lautaro Moreno,queso,Compra de productos e insumos,El milagro,Pagada,Efectivo,0,48500
,2026-09-02 10:34:27,202,Gasto,Lautaro Moreno,pan,Compra de productos e insumos, - ,Pagada,Efectivo,0,21300
,2026-09-02 11:55:00,203,Gasto,Lautaro Moreno,uber,"Transporte, domicilios y logística", - ,Pagada,Efectivo,0,4000
,2026-09-03 09:51:25,207,Venta,Santiago Loyola Loyola Chiozzi,1 Sandwich de Miga de Ternera y Queso,No Aplica,Consumidor Final,Pagada,Efectivo,0,2500
,2026-09-03 09:53:13,209,Venta,Santiago Loyola Loyola Chiozzi,"6 Sandwich de Miga de Jamón y Queso, 3 Sandwich de Miga de Ternera y Queso, 2 Sandwich de Pebete de Ternera, Tomate y queso",No Aplica,El tigre,Pagada,Efectivo,0,25500
,2026-09-03 11:50:01,170,Abonos ventas,Santiago Loyola Loyola Chiozzi,"100% Abono 1788454200 - 5 Sandwich de Miga de Jamón y Queso, 2 Sandwich de Miga de Ternera y Queso",No Aplica,"Isamara ""La Paz""",Pagada,Mercado Pago,0,15000
,2026-09-03 11:50:01,195,Abonos ventas,Santiago Loyola Loyola Chiozzi,"100% Abono 1788454200 - 3 Sandwich de Miga de Jamón y Queso, 1 Sandwich de Miga de Ternera y Queso",No Aplica,"Isamara ""La Paz""",Pagada,Mercado Pago,0,8500
,2026-09-03 11:50:57,211,Gasto,Lautaro Moreno,Gasto 3926165057,Compra de productos e insumos,"Panificadora ""Las Flores""",Pagada,Efectivo,0,23600
,2026-09-03 12:04:59,192,Abonos ventas,Santiago Loyola Loyola Chiozzi,"100% Abono 3926115820 - 5 Milanesa, 5 Sandwich de Miga de Jamón y Queso, 1 Sandwich de Miga de Salame y Queso",No Aplica,El Control,Pagada,Efectivo,0,32000
,2026-09-04 06:49:30,232,Venta,Lautaro Moreno,Venta 7926084928,No Aplica,Consumidor Final,Pagada,Mercado Pago,0,36000
,2026-09-04 06:56:02,233,Gasto,Lautaro Moreno,fati,Compra de productos e insumos, - ,Pagada,Mercado Pago,0,6000
,2026-09-04 07:16:55,214,Gasto,Lautaro Moreno,UBER,"Transporte, domicilios y logística", - ,Pagada,Mercado Pago,0,10000
,2026-09-04 08:23:05,176,Abonos ventas,Santiago Loyola Loyola Chiozzi,"100% Abono 1788528184 - 4 Sandwich de Miga de Jamón y Queso, 2 Sandwich de Miga de Ternera y Queso",No Aplica,Marisel Nano Electronica,Pagada,Efectivo,0,13000
,2026-09-04 09:44:23,177,Abonos ventas,Santiago Loyola Loyola Chiozzi,100% Abono 1788533063 - 2 Sandwich de Miga de Jamón y Queso,No Aplica, - ,Pagada,Efectivo,0,4000
,2026-09-04 09:59:19,219,Gasto,Santiago Loyola Loyola Chiozzi,"80 copias, 180c/u",Mercadeo y publicidad, - ,Pagada,Efectivo,0,14400
,2026-09-04 10:25:51,220,Abonos ventas,Santiago Loyola Loyola Chiozzi,"100% Abono 1788535550 - 1 Sandwich de Miga de Jamón y Queso, 1 Sandwich de Miga de Salame y Queso",No Aplica,Eugenia,Pagada,Efectivo,0,4000
,2026-09-04 10:29:10,221,Gasto,Lautaro Moreno,stickers,Mercadeo y publicidad, - ,Pagada,Mercado Pago,0,15000
,2026-09-04 12:10:01,222,Gasto,Lautaro Moreno,Gasto 4926171001,Compra de productos e insumos,El milagro,Pagada,Efectivo,0,109600
,2026-09-04 12:10:32,223,Gasto,Lautaro Moreno,Gasto 4926171032,Compra de productos e insumos, - ,Pagada,Efectivo,0,23700
,2026-09-05 06:40:27,210,Abonos ventas,Santiago Loyola Loyola Chiozzi,"100% Abono de Isamara ""La Paz"" - 5 Sandwich de Miga de Jamón y Queso, 2 Sandwich de Miga de Ternera y Queso",No Aplica,"Isamara ""La Paz""",Pagada,Mercado Pago,0,15000
,2026-09-05 06:43:04,228,Gasto,Lautaro Moreno,Gasto 7926114303,Compra de productos e insumos, - ,Pagada,Efectivo,0,49900
,2026-09-05 06:43:23,229,Gasto,Lautaro Moreno,Gasto 7926114323,Compra de productos e insumos,"Panificadora ""Las Flores""",Pagada,Efectivo,0,20900
,2026-09-05 06:44:11,230,Gasto,Lautaro Moreno,nafta,"Transporte, domicilios y logística", - ,Pagada,Efectivo,0,12000
,2026-09-05 06:58:04,234,Gasto,Lautaro Moreno,fati 1340+ noticias 990,Otros, - ,Pagada,Mercado Pago,0,2330
,2026-09-05 09:33:46,208,Abonos ventas,Santiago Loyola Loyola Chiozzi,"100% Abono 1788618825 - 5 Sandwich de Miga de Jamón y Queso, 3 Sandwich de Miga de Salame y Queso",No Aplica,El Control,Pagada,Efectivo,0,16000
,2026-09-05 09:33:56,194,Abonos ventas,Santiago Loyola Loyola Chiozzi,"100% Abono 1788618835 - 2 Milanesa, 1 Sandwich de pebete de Jamón y Queso, 2 Sandwich de Pebete de Salame y Queso, 6 Sandwich de Miga de Jamón y Queso, 2 Sandwich de Pebete de Ternera, Tomate y queso",No Aplica,Marta Alarcon Polleria Alita,Pagada,Efectivo,0,32000
,2026-09-05 09:35:24,226,Venta,Santiago Loyola Loyola Chiozzi,"2 Sandwich de pebete de Jamón y Queso, 2 Sandwich de Pebete de Salame y Queso, 2 Sandwich de Pebete de Ternera, Tomate y queso, 1 Sandwich de Miga de Jamón y Queso, 3 Sandwich de Miga de Salame y Queso, 2 Sandwich de Miga de Ternera y Queso",No Aplica,El tigre,Pagada,Efectivo,0,27000
,2026-09-07 06:46:29,206,Abonos ventas,Santiago Loyola Loyola Chiozzi,"100% Abono global 07 sep 2026 - 4 Milanesa, 8 Super Miga JyQ, 4 Super Miga Salame, 4 Super Pebete Jyq, 4 Super Pebete Salame",No Aplica,Super Ana,Pagada,Efectivo,0,62000
,2026-09-07 06:46:29,217,Abonos ventas,Santiago Loyola Loyola Chiozzi,"100% Abono global 07 sep 2026 - 4 Milanesa, 2 Sandwich de pebete de Jamón y Queso, 4 Sandwich de Pebete de Salame y Queso, 10 Super Miga JyQ, 4 Super Miga Salame",No Aplica,Super Ana,Pagada,Efectivo,0,63000
,2026-09-07 06:46:29,224,Abonos ventas,Santiago Loyola Loyola Chiozzi,"100% Abono global 07 sep 2026 - 4 Milanesa, 1 Sandwich de pebete de Jamón y Queso, 3 Sandwich de Pebete de Salame y Queso, 10 Super Miga JyQ, 2 Super Miga Salame",No Aplica,Super Ana,Pagada,Efectivo,0,54000
,2026-09-07 06:46:29,231,Abonos ventas,Lautaro Moreno,100% Abono global 07 sep 2026 - Venta 7926084454,No Aplica,Super Ana,Pagada,Efectivo,0,17000
,2026-09-07 07:55:55,235,Gasto,Lautaro Moreno,cafe,Otros, - ,Pagada,Efectivo,0,2800
,2026-09-07 09:46:25,239,Venta,Santiago Loyola Loyola Chiozzi,"2 Sandwich de pebete de Jamón y Queso, 2 Sandwich de Pebete de Ternera, Tomate y queso, 2 Sandwich de Miga de Ternera y Queso, 2 Sandwich de Miga de Jamón y Queso",No Aplica,Maria Lopez,Pagada,Efectivo,200,18800
,2026-09-07 09:52:16,218,Abonos ventas,Santiago Loyola Loyola Chiozzi,"100% Abono de Eugenia - 4 Sandwich de Miga de Jamón y Queso, 2 Sandwich de Miga de Salame y Queso, 2 Sandwich de Miga de Ternera y Queso, 2 Sandwich de pebete de Jamón y Queso, 2 Sandwich de Pebete de Salame y Queso",No Aplica,Eugenia,Pagada,Efectivo,0,25000
,2026-09-07 10:01:42,240,Gasto,Lautaro Moreno,lauta 40+14.5 cafe,Nómina, - ,Pagada,Efectivo,0,54500
,2026-09-07 10:02:30,241,Gasto,Lautaro Moreno,pelado,Nómina, - ,Pagada,Efectivo,0,80000
,2026-09-07 10:03:01,242,Gasto,Lautaro Moreno,fati,Nómina, - ,Pagada,Efectivo,0,60000
,2026-09-07 11:47:39,243,Gasto,Lautaro Moreno,duki,Nómina, - ,Pagada,Efectivo,0,10000
,2026-09-07 11:53:51,244,Gasto,Lautaro Moreno,Gasto 7926165350,Compra de productos e insumos,El milagro,Pagada,Efectivo,0,34500
,2026-09-07 11:54:24,245,Gasto,Lautaro Moreno,Gasto 7926165424,Compra de productos e insumos,"Panificadora ""Las Flores""",Pagada,Mercado Pago,0,45620
,2026-09-08 08:52:31,225,Abonos ventas,Santiago Loyola Loyola Chiozzi,"100% Abono 1788875550 - 2 Milanesa, 6 Sandwich de Miga de Jamón y Queso, 2 Sandwich de pebete de Jamón y Queso, 2 Sandwich de Pebete de Salame y Queso, 2 Sandwich de Pebete de Ternera, Tomate y queso",No Aplica,Marta Alarcon Polleria Alita,Pagada,Mercado Pago,0,34000
,2026-09-08 09:00:26,250,Venta,Santiago Loyola Loyola Chiozzi,"2 Sandwich de Miga de Jamón y Queso, 2 Sandwich de Miga de Salame y Queso, 2 Sandwich de Miga de Ternera y Queso, 1 Sandwich de pebete de Jamón y Queso, 2 Sandwich de Pebete de Salame y Queso, 2 Sandwich de Pebete de Ternera, Tomate y queso",No Aplica,El tigre,Pagada,Efectivo,0,25000
,2026-09-08 09:30:17,252,Venta,Lautaro Moreno,1 Milanesa,No Aplica,Consumidor Final,Pagada,Efectivo,0,4000
,2026-09-08 09:51:05,261,Gasto,Lautaro Moreno,merca,Compra de productos e insumos, - ,Pagada,Mercado Pago,0,6850
,2026-09-08 11:33:01,236,Abonos ventas,Santiago Loyola Loyola Chiozzi,"100% Abono global 08 sep 2026 - 4 Super Miga Salame, 10 Super Miga JyQ, 3 Sandwich de Pebete de Salame y Queso, 4 Milanesa, 1 Sandwich de pebete de Jamón y Queso",No Aplica,Super Ana,Pagada,Efectivo,0,59000
,2026-09-08 11:35:09,253,Gasto,Lautaro Moreno,paleta,Compra de productos e insumos, - ,Pagada,Efectivo,0,34800
,2026-09-08 11:35:29,254,Gasto,Lautaro Moreno,pan,Compra de productos e insumos, - ,Pagada,Mercado Pago,0,18900
,2026-09-08 11:35:49,255,Gasto,Lautaro Moreno,Gasto 8926163548,Compra de productos e insumos, - ,Pagada,Mercado Pago,0,18000
,2026-09-08 11:36:21,256,Gasto,Lautaro Moreno,retiro de escombros,Otros, - ,Pagada,Mercado Pago,0,30000
,2026-09-09 07:37:42,267,Gasto,Lautaro Moreno,merca,Compra de productos e insumos, - ,Pagada,Mercado Pago,0,1800
,2026-09-09 09:33:47,237,Abonos ventas,Santiago Loyola Loyola Chiozzi,"100% Abono global 09 sep 2026 - 3 Sandwich de Miga de Salame y Queso, 4 Sandwich de Pebete de Salame y Queso",No Aplica,Eugenia,Pagada,Efectivo,0,14000
,2026-09-09 09:50:02,260,Venta,Santiago Loyola Loyola Chiozzi,"2 Sandwich de pebete de Jamón y Queso, 2 Sandwich de Pebete de Salame y Queso, 2 Sandwich de Pebete de Ternera, Tomate y queso, 2 Sandwich de Miga de Jamón y Queso",No Aplica,Maria Lopez,Pagada,Efectivo,0,18000
,2026-09-09 09:50:48,215,Abonos ventas,Santiago Loyola Loyola Chiozzi,"100% Abono 1788965447 - 3 Sandwich de Miga de Jamón y Queso, 3 Sandwich de Miga de Salame y Queso",No Aplica,Marisel Nano Electronica,Pagada,Mercado Pago,0,12000
,2026-09-09 09:50:59,238,Abonos ventas,Santiago Loyola Loyola Chiozzi,"100% Abono 1788965458 - 1 Sandwich de Miga de Salame y Queso, 3 Sandwich de Miga de Jamón y Queso",No Aplica,Marisel Nano Electronica,Pagada,Efectivo,0,8000
,2026-09-09 09:51:51,262,Venta,Santiago Loyola Loyola Chiozzi,Venta 992611526,No Aplica,Maria Lopez,Pagada,Efectivo,0,400
,2026-09-09 11:47:03,263,Gasto,Lautaro Moreno,Gasto 9926164703,Compra de productos e insumos,"Panificadora ""Las Flores""",Pagada,Efectivo,0,30800
,2026-09-09 21:53:54,251,Abonos ventas,Santiago Loyola Loyola Chiozzi,"100% Abono 992623542 - 4 Milanesa, 3 Sandwich de pebete de Jamón y Queso, 2 Sandwich de Pebete de Salame y Queso, 4 Super Miga Salame, 10 Super Miga JyQ",No Aplica,Super Ana,Pagada,Efectivo,0,61000
,2026-09-10 07:01:59,275,Venta,,Venta 11926090157,No Aplica, - ,Pagada,Efectivo,0,6000
,2026-09-10 07:31:48,264,Gasto,Lautaro Moreno,pan,Compra de productos e insumos,"Panificadora ""Las Flores""",Pagada,Efectivo,0,30100
,2026-09-10 07:32:34,265,Gasto,Lautaro Moreno,Gasto 10926123234,Compra de productos e insumos,El milagro,Pagada,Efectivo,0,60000
,2026-09-10 07:33:35,266,Gasto,Lautaro Moreno,fiambre,Compra de productos e insumos,El milagro,Pagada,Mercado Pago,0,22365.68
,2026-09-10 09:19:19,268,Gasto,Lautaro Moreno,merca,Compra de productos e insumos, - ,Pagada,Mercado Pago,0,9600
,2026-09-10 10:12:47,270,Venta,Santiago Loyola Loyola Chiozzi,Venta 10926121246,No Aplica,Consumidor Final,Pagada,Efectivo,0,10000
,2026-09-10 10:16:14,273,Venta,Lautaro Moreno,"1 Sandwich de Miga de Ternera y Queso, 1 Sandwich de Miga de Salame y Queso",No Aplica,El tigre,Pagada,Efectivo,2000,2500
,2026-09-10 12:22:44,274,Gasto,Lautaro Moreno,agua,Compra de productos e insumos, - ,Pagada,Mercado Pago,0,2500
,2026-09-11 06:44:38,257,Abonos ventas,Santiago Loyola Loyola Chiozzi,"100% Abono 1192684448 - 2 Super Miga JyQ, 4 Super Miga Salame, 3 Sandwich de Pebete de Salame y Queso, 3 Sandwich de pebete de Jamón y Queso",No Aplica,Super Ana,Pagada,Efectivo,0,27000
,2026-09-11 09:02:46,286,Gasto,Lautaro Moreno,fati,Compra de productos e insumos, - ,Pagada,Mercado Pago,0,4500
,2026-09-11 10:12:29,258,Abonos ventas,Santiago Loyola Loyola Chiozzi,"100% Abono global 11 sep 2026 - 4 Sandwich de Pebete de Salame y Queso, 4 Sandwich de Miga de Salame y Queso, 2 Sandwich de Miga de Jamón y Queso, 1 Sandwich de Miga de Ternera y Queso",No Aplica,Eugenia,Pagada,Efectivo,0,22500
,2026-09-11 10:13:54,259,Abonos ventas,Santiago Loyola Loyola Chiozzi,"100% Abono global 11 sep 2026 - 3 Sandwich de Miga de Jamón y Queso, 2 Sandwich de Miga de Salame y Queso",No Aplica,Marisel Nano Electronica,Pagada,Efectivo,0,10000
,2026-09-11 10:15:03,276,Abonos ventas,Santiago Loyola Loyola Chiozzi,87% Abono global 11 sep 2026 - Venta 11926121444,No Aplica,oasis,Pagada,Mercado Pago,0,40000
,2026-09-11 10:15:13,276,Abonos ventas,Santiago Loyola Loyola Chiozzi,13% Abono global 11 sep 2026 - Venta 11926121444,No Aplica,oasis,Pagada,Efectivo,0,6050
,2026-09-11 10:17:10,277,Venta,Lautaro Moreno,1 Super Miga JyQ,No Aplica,Consumidor Final,Pagada,Efectivo,0,2500
,2026-09-11 10:35:12,278,Gasto,Lautaro Moreno,saeta,"Transporte, domicilios y logística", - ,Pagada,Mercado Pago,0,10000
,2026-09-11 12:19:35,279,Gasto,Lautaro Moreno,fiambre,Compra de productos e insumos, - ,Pagada,Efectivo,0,78000
,2026-09-11 12:20:00,280,Gasto,Lautaro Moreno,pan,Compra de productos e insumos, - ,Pagada,Efectivo,0,23800
,2026-09-11 12:26:42,281,Gasto,Lautaro Moreno,nafta,"Transporte, domicilios y logística", - ,Pagada,Efectivo,0,12000
,2026-09-12 09:04:22,288,Gasto,Lautaro Moreno,pan,Compra de productos e insumos, - ,Pagada,Mercado Pago,0,36100
,2026-09-12 09:26:09,289,Gasto,Lautaro Moreno,queso,Compra de productos e insumos, - ,Pagada,Efectivo,0,37700
,2026-09-12 09:42:33,272,Abonos ventas,Lautaro Moreno,"100% Abono 12926114235 - 3 Sandwich de Miga de Salame y Queso, 5 Sandwich de Miga de Jamón y Queso, 5 Milanesa",No Aplica,El Control,Pagada,Efectivo,0,36000
,2026-09-12 09:42:42,249,Abonos ventas,Santiago Loyola Loyola Chiozzi,"100% Abono 12926114244 - 5 Milanesa, 5 Sandwich de Miga de Jamón y Queso, 3 Sandwich de Miga de Salame y Queso",No Aplica,El Control,Pagada,Efectivo,0,36000
,2026-09-12 09:43:08,248,Abonos ventas,Santiago Loyola Loyola Chiozzi,"100% Abono 1789224187 - 2 Milanesa, 6 Sandwich de Miga de Jamón y Queso, 2 Sandwich de pebete de Jamón y Queso, 2 Sandwich de Pebete de Salame y Queso, 1 Sandwich de Pebete de Ternera, Tomate y queso",No Aplica,Marta Alarcon Polleria Alita,Pagada,Efectivo,0,31000
,2026-09-12 09:45:39,283,Venta,Santiago Loyola Loyola Chiozzi,"2 Sandwich de Pebete de Salame y Queso, 1 Sandwich de pebete de Jamón y Queso, 3 Sandwich de Miga de Jamón y Queso",No Aplica,El tigre,Pagada,Efectivo,0,12000
,2026-09-12 09:46:44,294,Gasto,Lautaro Moreno,queso,Compra de productos e insumos, - ,Pagada,Efectivo,0,45000
,2026-09-12 12:12:04,304,Abonos ventas,Lautaro Moreno,"100% Abono global 12 sep 2026 - 4 Super Miga Salame, 8 Super Miga JyQ, 3 Super Pebete Jyq, 3 Super Pebete Salame, 4 Milanesa",No Aplica,Super Ana,Pagada,Efectivo,0,58000
,2026-09-12 20:17:25,271,Abonos ventas,Lautaro Moreno,"100% Abono 12926221731 - 4 Super Miga Salame, 8 Super Miga JyQ, 4 Super Pebete Salame, 4 Super Pebete Jyq, 4 Milanesa",No Aplica,Super Ana,Pagada,Efectivo,0,62000
,2026-09-13 09:47:21,295,Gasto,Lautaro Moreno,merca,Compra de productos e insumos, - ,Pagada,Mercado Pago,0,2300
,2026-09-13 09:47:43,296,Gasto,Lautaro Moreno,alquiler,Arriendo, - ,Pagada,Mercado Pago,0,200000
,2026-09-14 09:48:39,297,Gasto,Lautaro Moreno,pan,Compra de productos e insumos, - ,Pagada,Efectivo,0,46100
,2026-09-14 09:48:57,298,Gasto,Lautaro Moreno,Gasto 14926144856,Compra de productos e insumos, - ,Pagada,Efectivo,0,34800
,2026-09-14 09:49:10,299,Gasto,Lautaro Moreno,Gasto 14926144910,Compra de productos e insumos, - ,Pagada,Efectivo,0,17600
,2026-09-14 09:49:37,300,Gasto,Lautaro Moreno,pelado,Nómina, - ,Pagada,Efectivo,0,60000
,2026-09-14 09:49:52,301,Gasto,Lautaro Moreno,fati,Nómina, - ,Pagada,Efectivo,0,60000
,2026-09-14 09:56:18,282,Abonos ventas,Santiago Loyola Loyola Chiozzi,"100% Abono 14926115619 - 9 Super Miga JyQ, 3 Super Miga Salame, 5 Sandwich de pebete de Jamón y Queso, 5 Sandwich de Pebete de Salame y Queso, 4 Milanesa",No Aplica,Super Ana,Pagada,Efectivo,0,66000
,2026-09-14 12:00:38,302,Gasto,Lautaro Moreno,comision duki,Nómina, - ,Pagada,Efectivo,0,8000
,2026-09-14 12:01:46,303,Gasto,Lautaro Moreno,pan,Compra de productos e insumos, - ,Pagada,Efectivo,0,4000
,2026-09-14 12:05:10,293,Abonos ventas,Santiago Loyola Loyola Chiozzi,"100% Abono 1789405509 - 6 Sandwich de Miga de Jamón y Queso, 3 Sandwich de pebete de Jamón y Queso, 3 Sandwich de Pebete de Salame y Queso, 2 Sandwich de Pebete de Ternera, Tomate y queso",No Aplica,Maria Lopez,Pagada,Efectivo,0,30000
,2026-09-14 12:21:04,305,Venta,,"2 Media docena de Miga de S&Q, 2 Media Docena de Miga J&Q, 1 Media docena de miga de T&Q",No Aplica,Consumidor Final,Pagada,Mercado Pago,9000,36000
,2026-09-15 06:45:54,290,Abonos ventas,Santiago Loyola Loyola Chiozzi,"100% Abono global 15 sep 2026 - 5 Super Miga JyQ, 4 Super Miga Salame, 2 Sandwich de pebete de Jamón y Queso, 3 Sandwich de Pebete de Salame y Queso, 4 Milanesa",No Aplica,Super Ana,Pagada,Efectivo,0,48500
,2026-09-15 09:20:27,285,Abonos ventas,Santiago Loyola Loyola Chiozzi,"78% Abono 15926112041 - 5 Milanesa, 6 Sandwich de Miga de Jamón y Queso, 2 Sandwich de Pebete de Ternera, Tomate y queso, 2 Sandwich de pebete de Jamón y Queso, 2 Sandwich de Pebete de Salame y Queso",No Aplica,Marta Alarcon Polleria Alita,Pagada,Mercado Pago,0,36000
,2026-09-15 09:21:24,284,Abonos ventas,Santiago Loyola Loyola Chiozzi,"100% Abono 1789482083 - 2 Milanesa, 4 Sandwich de Miga de Jamón y Queso, 2 Sandwich de Miga de Salame y Queso",No Aplica,El Control,Pagada,Efectivo,0,20000
,2026-09-15 09:25:01,309,Venta,Santiago Loyola Loyola Chiozzi,"2 Sandwich de Miga de Jamón y Queso, 1 Sandwich de Miga de Salame y Queso, 3 Sandwich de Miga de Ternera y Queso",No Aplica,El tigre,Pagada,Efectivo,0,13500
,2026-09-16 07:24:16,310,Gasto,Lautaro Moreno,Gasto 16926122415,"Transporte, domicilios y logística", - ,Pagada,Mercado Pago,0,5000
,2026-09-16 07:31:26,311,Venta,Santiago Loyola Loyola Chiozzi,1 Sandwich de Miga de Ternera y Queso,No Aplica, - ,Pagada,Efectivo,0,2500
,2026-09-16 09:43:50,292,Abonos ventas,Santiago Loyola Loyola Chiozzi,"100% Abono 1789569829 - 4 Sandwich de Miga de Jamón y Queso, 3 Sandwich de Miga de Salame y Queso",No Aplica,Marisel Nano Electronica,Pagada,Efectivo,0,14000
,2026-09-16 09:44:02,291,Abonos ventas,Santiago Loyola Loyola Chiozzi,"100% Abono 1789569841 - 4 Sandwich de Pebete de Salame y Queso, 4 Sandwich de Miga de Salame y Queso, 2 Sandwich de Miga de Jamón y Queso",No Aplica,Eugenia,Pagada,Efectivo,0,20000
,2026-09-16 09:45:17,312,Venta,Santiago Loyola Loyola Chiozzi,"2 Sandwich de pebete de Jamón y Queso, 3 Sandwich de Pebete de Salame y Queso",No Aplica,Maria Lopez,Pagada,Efectivo,0,11000
,2026-09-16 11:37:42,316,Gasto,Lautaro Moreno,Gasto 16926163741,Compra de productos e insumos,El milagro,Pagada,Efectivo,0,84400
,2026-09-16 11:38:03,317,Gasto,Lautaro Moreno,Gasto 16926163802,Compra de productos e insumos,"Panificadora ""Las Flores""",Pagada,Efectivo,0,11500
,2026-09-16 12:11:07,318,Venta,Lautaro Moreno,1 Milanesa,No Aplica,Consumidor Final,Pagada,Efectivo,0,4000
,2026-09-16 12:32:52,319,Gasto,Lautaro Moreno,sticker,Mercadeo y publicidad, - ,Pagada,Mercado Pago,0,20000
,2026-09-16 12:33:20,320,Gasto,Lautaro Moreno,merca,Compra de productos e insumos, - ,Pagada,Mercado Pago,0,7392
,2026-09-17 06:38:31,306,Abonos ventas,Santiago Loyola Loyola Chiozzi,"100% Abono global 17 sep 2026 - 6 Milanesa, 3 Sandwich de pebete de Jamón y Queso, 3 Sandwich de Pebete de Salame y Queso, 5 Super Miga JyQ, 4 Super Miga Salame",No Aplica,Super Ana,Pagada,Efectivo,0,58500
,2026-09-17 06:38:31,315,Abonos ventas,Santiago Loyola Loyola Chiozzi,"100% Abono global 17 sep 2026 - 1 Milanesa, 3 Sandwich de Pebete de Salame y Queso, 4 Super Miga JyQ, 1 Super Miga Salame",No Aplica,Super Ana,Pagada,Efectivo,0,22500
,2026-09-17 08:22:53,336,Venta,Lautaro Moreno,1 Milanesa,No Aplica,Consumidor Final,Pagada,Mercado Pago,500,3500
,2026-09-17 08:24:36,337,Gasto,Lautaro Moreno,Gasto 18926132435,"Transporte, domicilios y logística", - ,Pagada,Mercado Pago,0,4000
,2026-09-17 08:25:28,308,Abonos ventas,Santiago Loyola Loyola Chiozzi,"100% Abono 1789651527 - 3 Milanesa, 4 Sandwich de Miga de Jamón y Queso, 2 Sandwich de Miga de Salame y Queso",No Aplica,El Control,Pagada,Efectivo,0,24000
,2026-09-17 10:03:34,321,Gasto,Lautaro Moreno,pan,Compra de productos e insumos, - ,Pagada,Efectivo,0,21700
,2026-09-17 10:04:17,322,Gasto,Lautaro Moreno,Gasto 17926150416,Mercadeo y publicidad, - ,Pagada,Efectivo,0,30400
,2026-09-17 10:06:37,324,Venta,Santiago Loyola Loyola Chiozzi,"1 Sandwich de Miga de Jamón y Queso, 1 Sandwich de Miga de Salame y Queso, 2 Sandwich de Miga de Ternera y Queso, 1 Sandwich de pebete de Jamón y Queso, 1 Sandwich de Pebete de Salame y Queso",No Aplica,El tigre,Pagada,Efectivo,0,13000
,2026-09-17 10:45:44,326,Venta,Lautaro Moreno,1 Sandwich de Miga de Ternera y Queso,No Aplica,Consumidor Final,Pagada,Efectivo,0,2500
,2026-09-17 10:50:42,327,Venta,Lautaro Moreno,"1 Media Docena de Miga J&Q, 1 Media docena de Miga de S&Q, 1 Docena de Miga de J&Q",No Aplica, - ,Pagada,Efectivo,6000,30000
,2026-09-17 10:51:42,328,Venta,,"1 Sandwich de Pebete de Ternera, Tomate y queso",No Aplica,Consumidor Final,Pagada,Efectivo,0,3000
,2026-09-17 10:57:03,330,Abonos ventas,Lautaro Moreno,50% Abono de Consumidor Final - 1 Docena de Miga de J&Q,No Aplica,Consumidor Final,Pagada,Mercado Pago,1000,8500
,2026-09-17 10:57:14,332,Abonos ventas,Lautaro Moreno,"44% Abono de Consumidor Final - 2 Docena Miga salame, 2 Docena de Miga de T&Q, 2 Docena de Miga de J&Q",No Aplica,Consumidor Final,Pagada,Mercado Pago,18000,40000
,2026-09-17 12:16:15,333,Gasto,Lautaro Moreno,agua,Compra de productos e insumos, - ,Pagada,Mercado Pago,0,2500
,2026-09-17 14:02:34,334,Venta,Lautaro Moreno,1 Milanesa,No Aplica, - ,Pagada,Efectivo,500,3500
,2026-09-17 14:05:17,227,Abonos ventas,Santiago Loyola Loyola Chiozzi,"100% Abono global 17 sep 2026 - 5 Sandwich de Miga de Jamón y Queso, 2 Sandwich de Miga de Salame y Queso, 1 Sandwich de Miga de Ternera y Queso",No Aplica,"Isamara ""La Paz""",Pagada,Mercado Pago,0,16500
,2026-09-17 14:05:17,247,Abonos ventas,Santiago Loyola Loyola Chiozzi,"100% Abono global 17 sep 2026 - 2 Sandwich de Miga de Jamón y Queso, 2 Sandwich de Miga de Ternera y Queso, 1 Sandwich de Miga de Salame y Queso",No Aplica,"Isamara ""La Paz""",Pagada,Mercado Pago,0,11000
,2026-09-18 07:08:00,349,Venta,Lautaro Moreno,"12 Sandwich de Miga de Ternera y Queso, 6 Sandwich de Pebete de Ternera, Tomate y queso",No Aplica, - ,Pagada,Efectivo,9600,38400
,2026-09-18 07:47:03,352,Gasto,Lautaro Moreno,merca,Compra de productos e insumos, - ,Pagada,Mercado Pago,0,3000
,2026-09-18 08:16:35,323,Abonos ventas,Santiago Loyola Loyola Chiozzi,"100% Abono global 18 sep 2026 - 4 Milanesa, 3 Sandwich de pebete de Jamón y Queso, 3 Sandwich de Pebete de Salame y Queso, 8 Super Miga JyQ, 4 Super Miga Salame",No Aplica,Super Ana,Pagada,Efectivo,0,58000
,2026-09-18 08:17:47,330,Abonos ventas,Lautaro Moreno,50% Abono global 18 sep 2026 - 1 Docena de Miga de J&Q,No Aplica,Consumidor Final,Pagada,Efectivo,0,8500
,2026-09-18 08:22:18,335,Gasto,Lautaro Moreno,saeta,"Transporte, domicilios y logística", - ,Pagada,Mercado Pago,0,4000
,2026-09-18 08:46:09,313,Abonos ventas,Santiago Loyola Loyola Chiozzi,"100% Abono 1789739168 - 3 Sandwich de Miga de Jamón y Queso, 3 Sandwich de Miga de Salame y Queso",No Aplica,Marisel Nano Electronica,Pagada,Efectivo,0,12000
,2026-09-18 08:46:29,314,Abonos ventas,Santiago Loyola Loyola Chiozzi,"100% Abono 1789739188 - 4 Sandwich de Miga de Salame y Queso, 1 Sandwich de Miga de Ternera y Queso, 4 Sandwich de Pebete de Salame y Queso",No Aplica,Eugenia,Pagada,Efectivo,0,18500
,2026-09-18 09:28:16,360,Gasto,Lautaro Moreno,luz,Servicios públicos, - ,Pagada,Mercado Pago,0,72916
,2026-09-18 09:28:41,361,Gasto,Lautaro Moreno,Gasto 21926142841,Arriendo, - ,Pagada,Mercado Pago,0,92500
,2026-09-18 09:30:04,341,Abonos ventas,Santiago Loyola Loyola Chiozzi,"100% Abono 1892611306 - 2 Sandwich de pebete de Jamón y Queso, 2 Sandwich de Pebete de Salame y Queso, 6 Sandwich de Miga de Jamón y Queso",No Aplica,Maria Lopez,Pagada,Efectivo,0,21200
,2026-09-18 09:48:45,332,Abonos ventas,Lautaro Moreno,"22% Abono global 18 sep 2026 - 2 Docena Miga salame, 2 Docena de Miga de T&Q, 2 Docena de Miga de J&Q",No Aplica,Consumidor Final,Pagada,Efectivo,0,20000
,2026-09-18 12:55:40,343,Gasto,Lautaro Moreno,pan,Compra de productos e insumos, - ,Pagada,Efectivo,0,24800
,2026-09-18 12:57:44,344,Gasto,Lautaro Moreno,fiambre,Compra de productos e insumos, - ,Pagada,Efectivo,0,36100
,2026-09-18 13:21:21,345,Gasto,Lautaro Moreno,merca,Compra de productos e insumos, - ,Pagada,Efectivo,0,1500
,2026-09-18 22:00:00,350,Venta,Santiago Loyola Loyola Chiozzi,"12 Sandwich de Miga de Ternera y Queso, 6 Sandwich de Pebete de Ternera, Tomate y queso",No Aplica, - ,Pagada,Efectivo,12750,35250
,2026-09-18 22:00:00,347,Venta,Santiago Loyola Loyola Chiozzi,"3 Sandwich de Miga de Jamón y Queso, 2 Sandwich de Miga de Salame y Queso",No Aplica,El tigre,Pagada,Efectivo,0,10000
,2026-09-19 07:47:42,353,Gasto,Lautaro Moreno,duki,Nómina, - ,Pagada,Mercado Pago,0,21000
,2026-09-19 08:27:05,285,Abonos ventas,Santiago Loyola Loyola Chiozzi,"22% Abono 1789824424 - 5 Milanesa, 6 Sandwich de Miga de Jamón y Queso, 2 Sandwich de Pebete de Ternera, Tomate y queso, 2 Sandwich de pebete de Jamón y Queso, 2 Sandwich de Pebete de Salame y Queso",No Aplica,Marta Alarcon Polleria Alita,Pagada,Mercado Pago,0,10000
,2026-09-19 08:27:05,307,Abonos ventas,Santiago Loyola Loyola Chiozzi,"79% Abono 1789824424 - 2 Milanesa, 3 Sandwich de pebete de Jamón y Queso, 3 Sandwich de Pebete de Salame y Queso, 2 Sandwich de Pebete de Ternera, Tomate y queso, 6 Sandwich de Miga de Jamón y Queso",No Aplica,Marta Alarcon Polleria Alita,Pagada,Mercado Pago,0,30000
,2026-09-19 08:34:44,356,Gasto,Lautaro Moreno,nafta,"Transporte, domicilios y logística", - ,Pagada,Efectivo,0,4500
,2026-09-19 09:08:29,357,Gasto,Lautaro Moreno,pan,Compra de productos e insumos, - ,Pagada,Efectivo,0,56100
,2026-09-19 09:12:30,359,Gasto,Lautaro Moreno,queso,Compra de productos e insumos,El milagro,Pagada,Efectivo,0,45500
,2026-09-20 07:29:18,332,Abonos ventas,Lautaro Moreno,"33% Abono de Consumidor Final - 2 Docena Miga salame, 2 Docena de Miga de T&Q, 2 Docena de Miga de J&Q",No Aplica,Consumidor Final,Pagada,Mercado Pago,0,30000
,2026-09-20 07:49:14,354,Gasto,Lautaro Moreno,merca,Compra de productos e insumos, - ,Pagada,Mercado Pago,0,12200
,2026-09-20 07:50:23,355,Gasto,Lautaro Moreno,arca,Otros,ARCA,Pagada,Mercado Pago,0,100763
,2026-09-21 06:41:09,363,Abonos ventas,,"100% Abono global 21 sep 2026 - 1 Docena de Miga de J&Q, 1 Docena de Miga de J&Q, 1 Docena de Miga de J&Q, 1 Docena de Miga de J&Q, 1 Docena de Miga de J&Q, 1 Docena de Miga de J&Q, 1 Docena de Miga de J&Q, 1 Docena de Miga de J&Q",No Aplica,Consumidor Final,Pagada,Mercado Pago,0,130000
,2026-09-21 07:23:17,339,Abonos ventas,Santiago Loyola Loyola Chiozzi,"100% Abono global 21 sep 2026 - 8 Super Miga JyQ, 4 Super Miga Salame, 3 Sandwich de pebete de Jamón y Queso, 3 Sandwich de Pebete de Salame y Queso, 2 Milanesa",No Aplica,Super Ana,Pagada,Efectivo,0,50000
,2026-09-21 07:23:17,346,Abonos ventas,Santiago Loyola Loyola Chiozzi,"100% Abono global 21 sep 2026 - 2 Milanesa, 10 Super Miga JyQ, 4 Super Miga Salame, 5 Sandwich de pebete de Jamón y Queso, 5 Sandwich de Pebete de Salame y Queso",No Aplica,Super Ana,Pagada,Efectivo,0,63000
,2026-09-21 07:23:17,351,Abonos ventas,Lautaro Moreno,100% Abono global 21 sep 2026 - Venta 21926092302,No Aplica,Super Ana,Pagada,Efectivo,0,18000
,2026-09-21 09:09:51,358,Gasto,Lautaro Moreno,pan,Compra de productos e insumos,"Panificadora ""Las Flores""",Pagada,Mercado Pago,0,77000
,2026-09-21 09:29:52,362,Gasto,Lautaro Moreno,Gasto 21926142951,"Transporte, domicilios y logística", - ,Pagada,Mercado Pago,0,5015
,2026-09-21 10:14:34,385,Gasto,Lautaro Moreno,merca,Compra de productos e insumos, - ,Pagada,Mercado Pago,0,1700
,2026-09-21 10:56:50,340,Abonos ventas,Santiago Loyola Loyola Chiozzi,"100% Abono global 21 sep 2026 - 4 Sandwich de Pebete de Salame y Queso, 4 Sandwich de Miga de Salame y Queso, 2 Sandwich de Miga de Jamón y Queso, 1 Sandwich de Miga de Ternera y Queso",No Aplica,Eugenia,Pagada,Efectivo,0,22500
,2026-09-21 10:59:12,364,Venta,Lautaro Moreno,"1 Docena de Miga de J&Q, 2 Milanesa",No Aplica,Eugenia,Pagada,Efectivo,0,23000
,2026-09-21 10:59:37,365,Gasto,Lautaro Moreno,agua,Compra de productos e insumos, - ,Pagada,Efectivo,0,2500
,2026-09-21 11:01:26,338,Abonos ventas,Santiago Loyola Loyola Chiozzi,"100% Abono global 21 sep 2026 - 2 Sandwich de Miga de Jamón y Queso, 2 Sandwich de Miga de Salame y Queso",No Aplica,Marisel Nano Electronica,Pagada,Efectivo,0,8000
,2026-09-21 11:07:36,366,Gasto,Lautaro Moreno,Gasto 21926160735,Compra de productos e insumos,"Panificadora ""Las Flores""",Pagada,Efectivo,0,4500
,2026-09-21 13:17:41,370,Gasto,Lautaro Moreno,queso jamon x2,Compra de productos e insumos, - ,Pagada,Efectivo,0,102000
,2026-09-21 13:18:03,371,Gasto,Lautaro Moreno,pelado+duki,Nómina, - ,Pagada,Efectivo,0,70000
,2026-09-22 06:07:18,372,Abonos ventas,Santiago Loyola Loyola Chiozzi,"33% Abono 1790075237 - 1 Docena de Miga de J&Q, 1 Docena de Miga de T&Q, 1 Docena Miga salame, 6 Sandwich de Pebete de Ternera, Tomate y queso",No Aplica,Liliana Cafeteria,Pagada,Efectivo,0,20000
,2026-09-22 11:48:00,374,Venta,Santiago Loyola Loyola Chiozzi,"6 Sandwich de Miga de Jamón y Queso, 2 Sandwich de pebete de Jamón y Queso, 2 Sandwich de Pebete de Salame y Queso",No Aplica,Maria Lopez,Pagada,Efectivo,0,21200
,2026-09-22 11:51:11,377,Venta,Santiago Loyola Loyola Chiozzi,"5 Sandwich de Miga de Jamón y Queso, 3 Sandwich de Miga de Salame y Queso, 1 Sandwich de pebete de Jamón y Queso, 1 Sandwich de Pebete de Salame y Queso",No Aplica,El tigre,Pagada,Efectivo,0,20000
,2026-09-22 11:55:42,379,Gasto,Lautaro Moreno,pan,Compra de productos e insumos, - ,Pagada,Efectivo,0,9900
,2026-09-22 11:55:52,380,Gasto,Lautaro Moreno,Gasto 22926165552,"Transporte, domicilios y logística", - ,Pagada,Efectivo,0,5000
,2026-09-23 08:03:35,381,Venta,Lautaro Moreno,1 Sandwich de Miga de Ternera y Queso,No Aplica, - ,Pagada,Efectivo,0,2500
,2026-09-23 09:05:28,368,Abonos ventas,Santiago Loyola Loyola Chiozzi,"100% Abono 1790172327 - 4 Sandwich de Miga de Salame y Queso, 4 Sandwich de Pebete de Salame y Queso",No Aplica,Eugenia,Pagada,Efectivo,0,16000
,2026-09-23 09:05:47,369,Abonos ventas,Santiago Loyola Loyola Chiozzi,"100% Abono 1790172346 - 4 Sandwich de Miga de Jamón y Queso, 4 Sandwich de Miga de Salame y Queso",No Aplica,Marisel Nano Electronica,Pagada,Efectivo,0,16000
,2026-09-23 10:03:23,367,Abonos ventas,Santiago Loyola Loyola Chiozzi,"100% Abono global 23 sep 2026 - 4 Milanesa, 4 Sandwich de pebete de Jamón y Queso, 4 Sandwich de Pebete de Salame y Queso, 4 Super Miga JyQ, 2 Super Miga Salame",No Aplica,Super Ana,Pagada,Efectivo,0,47000
,2026-09-23 10:14:52,386,Gasto,Lautaro Moreno,merca,Compra de productos e insumos, - ,Pagada,Mercado Pago,0,6250
,2026-09-23 10:31:09,396,Gasto,Lautaro Moreno,more,Nómina, - ,Pagada,Mercado Pago,0,20000
,2026-09-23 12:17:49,387,Gasto,Lautaro Moreno,Gasto 23926171749,Compra de productos e insumos, - ,Pagada,Efectivo,0,3850
,2026-09-23 12:18:11,388,Gasto,Lautaro Moreno,Gasto 23926171811,Compra de productos e insumos, - ,Pagada,Efectivo,0,47050
,2026-09-24 07:07:26,402,Venta,Lautaro Moreno,"3 Sandwich de Pebete de Salame y Queso, 1 Sandwich de pebete de Jamón y Queso, 9 Sandwich de Miga de Jamón y Queso",No Aplica,Maria Lopez,Pagada,Efectivo,2000,24000
,2026-09-24 08:48:45,404,Gasto,Lautaro Moreno,merca,Compra de productos e insumos, - ,Pagada,Mercado Pago,0,4200
,2026-09-24 09:03:51,390,Venta,Lautaro Moreno,"2 Sandwich de pebete de Jamón y Queso, 3 Sandwich de Pebete de Salame y Queso",No Aplica,El tigre,Pagada,Efectivo,0,10000
,2026-09-24 09:09:38,391,Venta,Lautaro Moreno,1 Sandwich de Miga de Salame y Queso,No Aplica, - ,Pagada,Efectivo,0,2000
,2026-09-24 10:16:52,392,Gasto,Lautaro Moreno,bolsas,Compra de productos e insumos, - ,Pagada,Efectivo,0,24800
,2026-09-24 10:17:09,393,Gasto,Lautaro Moreno,saeta,"Transporte, domicilios y logística", - ,Pagada,Mercado Pago,0,3000
,2026-09-24 10:17:30,394,Gasto,Lautaro Moreno,pan,Compra de productos e insumos, - ,Pagada,Efectivo,0,3800
,2026-09-24 10:17:50,395,Gasto,Lautaro Moreno,saeta,"Transporte, domicilios y logística", - ,Pagada,Efectivo,0,3000
,2026-09-24 11:16:55,397,Venta,,"1 Media docena de pebete de S&Q, 1 Media Docena de Miga J&Q",No Aplica,Consumidor Final,Pagada,Mercado Pago,0,16500
,2026-09-24 12:46:39,398,Gasto,Lautaro Moreno,nafta,"Transporte, domicilios y logística", - ,Pagada,Efectivo,0,6000
,2026-09-24 12:46:58,399,Gasto,Lautaro Moreno,pan,Compra de productos e insumos, - ,Pagada,Efectivo,0,21300
,2026-09-24 12:47:22,400,Gasto,Lautaro Moreno,queso+aceite,Compra de productos e insumos, - ,Pagada,Efectivo,0,51000
,2026-09-24 12:55:07,401,Gasto,Lautaro Moreno,agua,Compra de productos e insumos, - ,Pagada,Efectivo,0,2500
,2026-09-25 06:52:50,419,Gasto,Lautaro Moreno,camps,Nómina, - ,Pagada,Mercado Pago,0,30000
,2026-09-25 07:04:21,420,Gasto,Lautaro Moreno,Gasto 28926120420,"Transporte, domicilios y logística", - ,Pagada,Mercado Pago,0,5000
,2026-09-25 08:49:41,405,Gasto,Lautaro Moreno,saeta,"Transporte, domicilios y logística", - ,Pagada,Mercado Pago,0,10000
,2026-09-25 08:50:47,307,Abonos ventas,Santiago Loyola Loyola Chiozzi,"21% Abono global 25 sep 2026 - 2 Milanesa, 3 Sandwich de pebete de Jamón y Queso, 3 Sandwich de Pebete de Salame y Queso, 2 Sandwich de Pebete de Ternera, Tomate y queso, 6 Sandwich de Miga de Jamón y Queso",No Aplica,Marta Alarcon Polleria Alita,Pagada,Mercado Pago,0,8000
,2026-09-25 08:50:47,348,Abonos ventas,Santiago Loyola Loyola Chiozzi,"100% Abono global 25 sep 2026 - 2 Milanesa, 5 Sandwich de Miga de Jamón y Queso, 2 Sandwich de pebete de Jamón y Queso, 2 Sandwich de Pebete de Salame y Queso",No Aplica,Marta Alarcon Polleria Alita,Pagada,Mercado Pago,0,26000
,2026-09-25 10:03:28,384,Abonos ventas,Santiago Loyola Loyola Chiozzi,"100% Abono 1790348608 - 4 Sandwich de Miga de Jamón y Queso, 4 Sandwich de Miga de Salame y Queso",No Aplica,Marisel Nano Electronica,Pagada,Efectivo,0,16000
,2026-09-25 10:03:48,383,Abonos ventas,Santiago Loyola Loyola Chiozzi,"100% Abono 1790348627 - 4 Sandwich de Pebete de Salame y Queso, 4 Sandwich de Miga de Salame y Queso, 2 Sandwich de Miga de Jamón y Queso",No Aplica,Eugenia,Pagada,Efectivo,0,20000
,2026-09-25 10:08:21,325,Abonos ventas,Santiago Loyola Loyola Chiozzi,"100% Abono 1790348799 - 3 Milanesa, 3 Sandwich de Miga de Salame y Queso",No Aplica,El Control,Pagada,Mercado Pago,0,18000
,2026-09-25 10:08:21,376,Abonos ventas,Santiago Loyola Loyola Chiozzi,"31% Abono 1790348799 - 4 Milanesa, 5 Sandwich de Miga de Jamón y Queso",No Aplica,El Control,Pagada,Mercado Pago,0,8000
,2026-09-25 10:21:28,409,Venta,Lautaro Moreno,1 Sandwich de pebete de Jamón y Queso,No Aplica,Consumidor Final,Pagada,Efectivo,300,1700
,2026-09-25 13:17:03,410,Gasto,Lautaro Moreno,queso+jamon,Compra de productos e insumos, - ,Pagada,Efectivo,0,81500
,2026-09-25 13:17:19,411,Gasto,Lautaro Moreno,pan,Compra de productos e insumos, - ,Pagada,Efectivo,0,25400
,2026-09-25 14:02:42,412,Venta,Lautaro Moreno,1 Docena de Miga de J&Q,No Aplica,Consumidor Final,Pagada,Mercado Pago,0,18000
,2026-09-25 14:08:42,372,Abonos ventas,Santiago Loyola Loyola Chiozzi,"18% pago parcial lili - 1 Docena de Miga de J&Q, 1 Docena de Miga de T&Q, 1 Docena Miga salame, 6 Sandwich de Pebete de Ternera, Tomate y queso",No Aplica,Liliana Cafeteria,Pagada,Mercado Pago,0,11000
,2026-09-25 14:15:06,413,Venta,Lautaro Moreno,1 envio,No Aplica, - ,Pagada,Mercado Pago,0,2000
,2026-09-26 05:54:36,378,Abonos ventas,Santiago Loyola Loyola Chiozzi,"100% Abono 1790420076 - 2 Docena de Miga de T&Q, 1 Media docena de Miga de S&Q, 1 Media Docena de Miga J&Q",No Aplica,oasis,Pagada,Mercado Pago,9200,35800
,2026-09-26 06:49:45,417,Gasto,Lautaro Moreno,Gasto 28926114945,Compra de productos e insumos, - ,Pagada,Efectivo,0,55300
,2026-09-26 06:50:05,418,Gasto,Lautaro Moreno,Gasto 28926115005,Compra de productos e insumos, - ,Pagada,Efectivo,0,43900
,2026-09-26 08:25:55,373,Abonos ventas,Santiago Loyola Loyola Chiozzi,"100% Abono 1790429154 - 2 Milanesa, 2 Sandwich de pebete de Jamón y Queso, 2 Sandwich de Pebete de Salame y Queso",No Aplica,Marta Alarcon Polleria Alita,Pagada,Efectivo,0,16000
,2026-09-26 08:29:54,375,Abonos ventas,Santiago Loyola Loyola Chiozzi,"100% Abono 1790429393 - 2 Milanesa, 4 Sandwich de pebete de Jamón y Queso, 4 Sandwich de Pebete de Salame y Queso, 10 Super Miga JyQ, 4 Super Miga Salame",No Aplica,Super Ana,Pagada,Efectivo,0,59000
,2026-09-26 08:40:35,416,Venta,Santiago Loyola Loyola Chiozzi,"3 Sandwich de Miga de Jamón y Queso, 3 Sandwich de Miga de Salame y Queso, 2 Sandwich de Miga de Ternera y Queso, 2 Sandwich de pebete de Jamón y Queso",No Aplica,El tigre,Pagada,Efectivo,0,19200
,2026-09-26 10:03:25,430,Gasto,Lautaro Moreno,Gasto 28926150324,Compra de productos e insumos, - ,Pagada,Efectivo,0,2100
,2026-09-27 07:04:43,421,Gasto,Lautaro Moreno,Gasto 28926120442,Compra de productos e insumos, - ,Pagada,Efectivo,0,2200
,2026-09-27 13:47:19,382,Abonos ventas,Santiago Loyola Loyola Chiozzi,"100% Abono 27926154721 - 4 Milanesa, 3 Sandwich de pebete de Jamón y Queso, 3 Sandwich de Pebete de Salame y Queso, 6 Super Miga JyQ, 2 Super Miga Salame",No Aplica,Super Ana,Pagada,Efectivo,0,48000
,2026-09-27 13:47:34,389,Abonos ventas,Lautaro Moreno,"100% Abono 27926154739 - 3 Milanesa, 4 Sandwich de Pebete de Salame y Queso, 4 Sandwich de pebete de Jamón y Queso, 10 Super Miga JyQ, 1 Super Miga Salame",No Aplica,Super Ana,Pagada,Mercado Pago,0,55500
,2026-09-27 13:47:49,403,Abonos ventas,Lautaro Moreno,"100% Abono 27926154754 - 10 Super Miga JyQ, 3 Super Miga Salame, 3 Sandwich de Pebete de Salame y Queso, 3 Sandwich de pebete de Jamón y Queso, 4 Milanesa",No Aplica,Super Ana,Pagada,Mercado Pago,0,60500
,2026-09-27 13:48:09,414,Abonos ventas,Santiago Loyola Loyola Chiozzi,"100% Abono 27926154811 - 4 Milanesa, 2 Super Pebete Salame",No Aplica,Super Ana,Pagada,Mercado Pago,0,20000
,2026-09-28 07:35:36,422,Venta,Lautaro Moreno,2 Sandwich de Miga de Ternera y Queso,No Aplica, - ,Pagada,Efectivo,0,5000
,2026-09-28 09:21:17,425,Venta,Santiago Loyola Loyola Chiozzi,"12 Sandwich de Miga de Ternera y Queso, 3 Sandwich de Miga de Jamón y Queso, 3 Sandwich de Miga de Salame y Queso",No Aplica,oasis,Pagada,Efectivo,7200,34800
,2026-09-28 09:22:41,426,Gasto,Lautaro Moreno,pela,Nómina, - ,Pagada,Mercado Pago,0,60000
,2026-09-28 09:23:03,427,Gasto,Lautaro Moreno,lauta,Nómina, - ,Pagada,Mercado Pago,0,40000
,2026-09-28 09:23:16,429,Gasto,Lautaro Moreno,duki,Nómina, - ,Pagada,Mercado Pago,0,34000
,2026-09-28 09:23:26,408,Abonos ventas,Santiago Loyola Loyola Chiozzi,"100% Abono 1790605405 - 4 Sandwich de Miga de Jamón y Queso, 4 Sandwich de Miga de Salame y Queso",No Aplica,Marisel Nano Electronica,Pagada,Efectivo,1600,14400
,2026-09-28 11:47:05,431,Gasto,Lautaro Moreno,fati,Nómina, - ,Pagada,Efectivo,0,80000
,2026-09-28 11:47:17,432,Gasto,Lautaro Moreno,pan,Compra de productos e insumos, - ,Pagada,Efectivo,0,22000
,2026-09-28 12:06:52,433,Gasto,Lautaro Moreno,agua,Compra de productos e insumos, - ,Pagada,Efectivo,0,2500
,2026-09-29 09:26:51,434,Venta,Lautaro Moreno,"1 Sandwich de Miga de Jamón y Queso, 1 Sandwich de Pebete de Salame y Queso",No Aplica,Consumidor Final,Pagada,Efectivo,200,3800
,2026-09-29 10:16:33,372,Abonos ventas,Santiago Loyola Loyola Chiozzi,"33% Abono global 29 sep 2026 - 1 Docena de Miga de J&Q, 1 Docena de Miga de T&Q, 1 Docena Miga salame, 6 Sandwich de Pebete de Ternera, Tomate y queso",No Aplica,Liliana Cafeteria,Pagada,Efectivo,0,20000
,2026-09-29 10:17:05,407,Abonos ventas,Santiago Loyola Loyola Chiozzi,"100% Abono global 29 sep 2026 - 4 Sandwich de Pebete de Salame y Queso, 4 Sandwich de Miga de Salame y Queso, 2 Sandwich de Miga de Jamón y Queso, 1 Sandwich de Miga de Ternera y Queso",No Aplica,Eugenia,Pagada,Efectivo,2400,20100
,2026-09-29 10:30:26,376,Abonos ventas,Santiago Loyola Loyola Chiozzi,"69% Abono 1790695673 - 4 Milanesa, 5 Sandwich de Miga de Jamón y Queso",No Aplica,El Control,Pagada,Mercado Pago,0,18000
,2026-09-29 10:30:26,406,Abonos ventas,Santiago Loyola Loyola Chiozzi,"44% Abono 1790695673 - 5 Milanesa, 4 Sandwich de Miga de Jamón y Queso, 2 Sandwich de Miga de Salame y Queso",No Aplica,El Control,Pagada,Mercado Pago,0,14000
,2026-09-29 10:33:29,437,Venta,Santiago Loyola Loyola Chiozzi,"3 Sandwich de pebete de Jamón y Queso, 3 Sandwich de Pebete de Salame y Queso, 2 Sandwich de Miga de Jamón y Queso, 2 Sandwich de Miga de Ternera y Queso",No Aplica,El tigre,Pagada,Efectivo,0,18800
,2026-09-29 10:54:29,440,Abonos ventas,Lautaro Moreno,"50% seña - 2 envio, 1 Docena de Miga de T&Q, 1 Docena de Miga de J&Q",No Aplica,Consumidor Final,Pagada,Mercado Pago,0,19000
,2026-09-29 11:44:18,450,Gasto,Lautaro Moreno,saeta,"Transporte, domicilios y logística", - ,Pagada,Mercado Pago,0,6000
,2026-09-29 11:45:39,451,Gasto,Lautaro Moreno,Gasto 30926164538,Compra de productos e insumos, - ,Pagada,Mercado Pago,0,500
,2026-09-29 12:10:04,441,Gasto,Lautaro Moreno,pan,Compra de productos e insumos, - ,Pagada,Efectivo,0,31450
,2026-09-29 12:10:21,442,Gasto,Lautaro Moreno,Gasto 29926171021,Compra de productos e insumos, - ,Pagada,Efectivo,0,78250
,2026-09-29 13:03:00,443,Gasto,Lautaro Moreno,Gasto 29926180259,Compra de productos e insumos, - ,Pagada,Mercado Pago,0,36930
,2026-09-29 13:03:17,444,Gasto,Lautaro Moreno,nafta,"Transporte, domicilios y logística", - ,Pagada,Mercado Pago,0,5000
,2026-09-29 13:35:20,445,Venta,Lautaro Moreno,"1 Sandwich de Miga de Jamón y Queso, 1 Sandwich de pebete de Jamón y Queso, 1 Sandwich de Pebete de Salame y Queso, 2 Sandwich de Pebete de Ternera, Tomate y queso",No Aplica,Consumidor Final,Pagada,Mercado Pago,1800,10200
,2026-09-30 06:59:48,423,Abonos ventas,Santiago Loyola Loyola Chiozzi,"100% Abono global 30 sep 2026 - 4 Milanesa, 3 Sandwich de pebete de Jamón y Queso, 3 Sandwich de Pebete de Salame y Queso, 4 Super Miga Salame, 8 Super Miga JyQ",No Aplica,Super Ana,Pagada,Efectivo,0,58000
,2026-09-30 07:15:01,452,Venta,Lautaro Moreno,"1 envio, 1 Docena de Miga de J&Q",No Aplica, - ,Pagada,Mercado Pago,0,19000
,2026-09-30 11:39:25,440,Abonos ventas,Lautaro Moreno,"50% Abono global 30 sep 2026 - 2 envio, 1 Docena de Miga de T&Q, 1 Docena de Miga de J&Q",No Aplica,Consumidor Final,Pagada,Efectivo,0,19000
,2026-09-30 11:40:44,447,Gasto,Lautaro Moreno,queso jamon,Compra de productos e insumos, - ,Pagada,Efectivo,0,81400
,2026-09-30 11:40:56,448,Gasto,Lautaro Moreno,pan,Compra de productos e insumos, - ,Pagada,Efectivo,0,16800
,2026-09-30 11:41:28,449,Venta,Santiago Loyola Loyola Chiozzi,"6 Sandwich de Miga de Jamón y Queso, 3 Sandwich de pebete de Jamón y Queso, 3 Sandwich de Pebete de Salame y Queso",No Aplica,Maria Lopez,Pagada,Efectivo,0,21000
